directed_edge,dimension,category,count,within_object_share
11008207->225690537,event_type,IssueCommentEvent,795,0.9900373599003736
11008207->225690537,event_type,IssuesEvent,5,0.0062266500622665
11008207->225690537,event_type,PullRequestEvent,1,0.0012453300124533001
11008207->225690537,event_type,PullRequestReviewCommentEvent,1,0.0012453300124533001
11008207->225690537,event_type,PullRequestReviewEvent,1,0.0012453300124533001
11008207->225690537,source_entity_type,Issue,5,0.0062266500622665
11008207->225690537,source_entity_type,IssueComment,795,0.9900373599003736
11008207->225690537,source_entity_type,PullRequest,1,0.0012453300124533001
11008207->225690537,source_entity_type,PullRequestReview,1,0.0012453300124533001
11008207->225690537,source_entity_type,PullRequestReviewComment,1,0.0012453300124533001
11008207->225690537,target_entity_type,GitHub_Files_FileChanges,7,0.008717310087173101
11008207->225690537,target_entity_type,Issue,1,0.0012453300124533001
11008207->225690537,target_entity_type,PullRequest,6,0.007471980074719801
11008207->225690537,target_entity_type,Release,1,0.0012453300124533001
11008207->225690537,target_entity_type,Repo,788,0.9813200498132005
11008207->27522271,event_type,PullRequestEvent,1,0.004329004329004329
11008207->27522271,event_type,PushEvent,230,0.9956709956709957
11008207->27522271,source_entity_type,PullRequest,1,0.004329004329004329
11008207->27522271,source_entity_type,Push,230,0.9956709956709957
11008207->27522271,target_entity_type,GitHub_GenSer_Other_Links,115,0.49783549783549785
11008207->27522271,target_entity_type,Repo,116,0.5021645021645021
11008207->276685482,event_type,IssueCommentEvent,785,1.0
11008207->276685482,source_entity_type,IssueComment,785,1.0
11008207->276685482,target_entity_type,Branch_Tag_GHDir,1,0.0012738853503184713
11008207->276685482,target_entity_type,Repo,784,0.9987261146496815
11225014->259445878,event_type,PullRequestEvent,40,0.17467248908296942
11225014->259445878,event_type,PullRequestReviewEvent,3,0.013100436681222707
11225014->259445878,event_type,PushEvent,186,0.8122270742358079
11225014->259445878,source_entity_type,PullRequest,40,0.17467248908296942
11225014->259445878,source_entity_type,PullRequestReview,3,0.013100436681222707
11225014->259445878,source_entity_type,Push,186,0.8122270742358079
11225014->259445878,target_entity_type,GitHub_Files_FileChanges,63,0.27510917030567683
11225014->259445878,target_entity_type,GitHub_GenSer_Other_Links,62,0.27074235807860264
11225014->259445878,target_entity_type,PullRequest,3,0.013100436681222707
11225014->259445878,target_entity_type,Release,1,0.004366812227074236
11225014->259445878,target_entity_type,Repo,99,0.43231441048034935
11225014->259445878,target_entity_type,Tag,1,0.004366812227074236
11695619->2045207,event_type,PullRequestEvent,1,0.00510204081632653
11695619->2045207,event_type,PushEvent,195,0.9948979591836735
11695619->2045207,source_entity_type,PullRequest,1,0.00510204081632653
11695619->2045207,source_entity_type,Push,195,0.9948979591836735
11695619->2045207,target_entity_type,GitHub_GenSer_Other_Links,195,0.9948979591836735
11695619->2045207,target_entity_type,Issue,1,0.00510204081632653
130688011->215108366,event_type,IssuesEvent,1,0.004878048780487805
130688011->215108366,event_type,PullRequestEvent,1,0.004878048780487805
130688011->215108366,event_type,PushEvent,203,0.9902439024390244
130688011->215108366,source_entity_type,Issue,1,0.004878048780487805
130688011->215108366,source_entity_type,PullRequest,1,0.004878048780487805
130688011->215108366,source_entity_type,Push,203,0.9902439024390244
130688011->215108366,target_entity_type,Commit,30,0.14634146341463414
130688011->215108366,target_entity_type,GitHub_GenSer_Other_Links,31,0.15121951219512195
130688011->215108366,target_entity_type,Issue,21,0.1024390243902439
130688011->215108366,target_entity_type,PullRequest,114,0.5560975609756098
130688011->215108366,target_entity_type,Repo,9,0.04390243902439024
130688011->241092383,event_type,PullRequestEvent,3,0.00847457627118644
130688011->241092383,event_type,PushEvent,351,0.9915254237288136
130688011->241092383,source_entity_type,PullRequest,3,0.00847457627118644
130688011->241092383,source_entity_type,Push,351,0.9915254237288136
130688011->241092383,target_entity_type,Commit,39,0.11016949152542373
130688011->241092383,target_entity_type,GitHub_GenSer_Other_Links,91,0.2570621468926554
130688011->241092383,target_entity_type,Issue,75,0.211864406779661
130688011->241092383,target_entity_type,PullRequest,120,0.3389830508474576
130688011->241092383,target_entity_type,Repo,29,0.08192090395480225
130688011->288485773,event_type,PullRequestEvent,1,0.004739336492890996
130688011->288485773,event_type,PushEvent,210,0.995260663507109
130688011->288485773,source_entity_type,PullRequest,1,0.004739336492890996
130688011->288485773,source_entity_type,Push,210,0.995260663507109
130688011->288485773,target_entity_type,Commit,30,0.14218009478672985
130688011->288485773,target_entity_type,GitHub_GenSer_Other_Links,57,0.27014218009478674
130688011->288485773,target_entity_type,Issue,6,0.02843601895734597
130688011->288485773,target_entity_type,PullRequest,108,0.5118483412322274
130688011->288485773,target_entity_type,Repo,10,0.04739336492890995
130688011->288487894,event_type,PullRequestEvent,1,0.003278688524590164
130688011->288487894,event_type,PullRequestReviewCommentEvent,1,0.003278688524590164
130688011->288487894,event_type,PushEvent,303,0.9934426229508196
130688011->288487894,source_entity_type,PullRequest,1,0.003278688524590164
130688011->288487894,source_entity_type,PullRequestReviewComment,1,0.003278688524590164
130688011->288487894,source_entity_type,Push,303,0.9934426229508196
130688011->288487894,target_entity_type,Commit,70,0.22950819672131148
130688011->288487894,target_entity_type,GitHub_GenSer_Other_Links,57,0.18688524590163935
130688011->288487894,target_entity_type,Issue,63,0.20655737704918034
130688011->288487894,target_entity_type,PullRequest,98,0.32131147540983607
130688011->288487894,target_entity_type,Repo,17,0.05573770491803279
130688011->298565987,event_type,PullRequestEvent,6,0.006944444444444444
130688011->298565987,event_type,PushEvent,858,0.9930555555555556
130688011->298565987,source_entity_type,PullRequest,6,0.006944444444444444
130688011->298565987,source_entity_type,Push,858,0.9930555555555556
130688011->298565987,target_entity_type,Commit,215,0.2488425925925926
130688011->298565987,target_entity_type,GitHub_Files_FileChanges,91,0.10532407407407407
130688011->298565987,target_entity_type,GitHub_GenSer_Other_Links,173,0.20023148148148148
130688011->298565987,target_entity_type,Issue,104,0.12037037037037036
130688011->298565987,target_entity_type,PullRequest,184,0.21296296296296297
130688011->298565987,target_entity_type,Repo,97,0.11226851851851852
130688011->306769011,event_type,PullRequestEvent,1,0.0013315579227696406
130688011->306769011,event_type,PushEvent,750,0.9986684420772304
130688011->306769011,source_entity_type,PullRequest,1,0.0013315579227696406
130688011->306769011,source_entity_type,Push,750,0.9986684420772304
130688011->306769011,target_entity_type,Commit,100,0.13315579227696406
130688011->306769011,target_entity_type,GitHub_Files_FileChanges,136,0.1810918774966711
130688011->306769011,target_entity_type,GitHub_GenSer_Other_Links,96,0.1278295605858855
130688011->306769011,target_entity_type,Issue,278,0.37017310252996005
130688011->306769011,target_entity_type,PullRequest,114,0.151797603195739
130688011->306769011,target_entity_type,Repo,27,0.03595206391478029
148087762->100656827,event_type,PullRequestEvent,1,0.004975124378109453
148087762->100656827,event_type,PushEvent,200,0.9950248756218906
148087762->100656827,source_entity_type,PullRequest,1,0.004975124378109453
148087762->100656827,source_entity_type,Push,200,0.9950248756218906
148087762->100656827,target_entity_type,Commit,20,0.09950248756218906
148087762->100656827,target_entity_type,GitHub_Files_FileChanges,2,0.009950248756218905
148087762->100656827,target_entity_type,GitHub_GenSer_Other_Links,14,0.06965174129353234
148087762->100656827,target_entity_type,Issue,42,0.208955223880597
148087762->100656827,target_entity_type,PullRequest,120,0.5970149253731343
148087762->100656827,target_entity_type,Repo,3,0.014925373134328358
148087762->137444487,event_type,PullRequestEvent,4,0.015748031496062992
148087762->137444487,event_type,PushEvent,250,0.984251968503937
148087762->137444487,source_entity_type,PullRequest,4,0.015748031496062992
148087762->137444487,source_entity_type,Push,250,0.984251968503937
148087762->137444487,target_entity_type,Commit,70,0.2755905511811024
148087762->137444487,target_entity_type,GitHub_Files_FileChanges,8,0.031496062992125984
148087762->137444487,target_entity_type,GitHub_GenSer_Other_Links,8,0.031496062992125984
148087762->137444487,target_entity_type,Issue,134,0.5275590551181102
148087762->137444487,target_entity_type,PullRequest,24,0.09448818897637795
148087762->137444487,target_entity_type,Repo,10,0.03937007874015748
148087762->205564111,event_type,PullRequestEvent,5,0.008431703204047217
148087762->205564111,event_type,PushEvent,588,0.9915682967959528
148087762->205564111,source_entity_type,PullRequest,5,0.008431703204047217
148087762->205564111,source_entity_type,Push,588,0.9915682967959528
148087762->205564111,target_entity_type,Commit,60,0.10118043844856661
148087762->205564111,target_entity_type,GitHub_Files_FileChanges,6,0.01011804384485666
148087762->205564111,target_entity_type,GitHub_GenSer_Other_Links,6,0.01011804384485666
148087762->205564111,target_entity_type,Issue,514,0.866779089376054
148087762->205564111,target_entity_type,Repo,7,0.011804384485666104
148087762->241268229,event_type,PullRequestEvent,2,0.004608294930875576
148087762->241268229,event_type,PushEvent,432,0.9953917050691244
148087762->241268229,source_entity_type,PullRequest,2,0.004608294930875576
148087762->241268229,source_entity_type,Push,432,0.9953917050691244
148087762->241268229,target_entity_type,Commit,60,0.1382488479262673
148087762->241268229,target_entity_type,GitHub_Files_FileChanges,13,0.029953917050691243
148087762->241268229,target_entity_type,GitHub_GenSer_Other_Links,42,0.0967741935483871
148087762->241268229,target_entity_type,Issue,72,0.16589861751152074
148087762->241268229,target_entity_type,PullRequest,240,0.5529953917050692
148087762->241268229,target_entity_type,Repo,7,0.016129032258064516
16563587->125238132,event_type,IssueCommentEvent,1118,1.0
16563587->125238132,source_entity_type,IssueComment,1118,1.0
16563587->125238132,target_entity_type,Repo,1118,1.0
16563587->133411492,event_type,IssueCommentEvent,237,1.0
16563587->133411492,source_entity_type,IssueComment,237,1.0
16563587->133411492,target_entity_type,Gollum,237,1.0
16563587->141339868,event_type,IssueCommentEvent,100,0.16722408026755853
16563587->141339868,event_type,IssuesEvent,19,0.03177257525083612
16563587->141339868,event_type,PullRequestEvent,31,0.051839464882943144
16563587->141339868,event_type,PullRequestReviewCommentEvent,6,0.010033444816053512
16563587->141339868,event_type,PullRequestReviewEvent,19,0.03177257525083612
16563587->141339868,event_type,PushEvent,423,0.7073578595317725
16563587->141339868,source_entity_type,Issue,19,0.03177257525083612
16563587->141339868,source_entity_type,IssueComment,100,0.16722408026755853
16563587->141339868,source_entity_type,PullRequest,31,0.051839464882943144
16563587->141339868,source_entity_type,PullRequestReview,19,0.03177257525083612
16563587->141339868,source_entity_type,PullRequestReviewComment,6,0.010033444816053512
16563587->141339868,source_entity_type,Push,423,0.7073578595317725
16563587->141339868,target_entity_type,Branch,1,0.0016722408026755853
16563587->141339868,target_entity_type,Commit,2,0.0033444816053511705
16563587->141339868,target_entity_type,GitHub_Files_FileChanges,42,0.07023411371237458
16563587->141339868,target_entity_type,GitHub_GenSer_Other_Links,1,0.0016722408026755853
16563587->141339868,target_entity_type,Issue,280,0.4682274247491639
16563587->141339868,target_entity_type,IssueComment,22,0.03678929765886288
16563587->141339868,target_entity_type,PullRequest,250,0.4180602006688963
16563587->571342238,event_type,IssueCommentEvent,39,0.14285714285714285
16563587->571342238,event_type,IssuesEvent,11,0.040293040293040296
16563587->571342238,event_type,PullRequestEvent,14,0.05128205128205128
16563587->571342238,event_type,PullRequestReviewCommentEvent,2,0.007326007326007326
16563587->571342238,event_type,PullRequestReviewEvent,4,0.014652014652014652
16563587->571342238,event_type,PushEvent,203,0.7435897435897436
16563587->571342238,source_entity_type,Issue,11,0.040293040293040296
16563587->571342238,source_entity_type,IssueComment,39,0.14285714285714285
16563587->571342238,source_entity_type,PullRequest,14,0.05128205128205128
16563587->571342238,source_entity_type,PullRequestReview,4,0.014652014652014652
16563587->571342238,source_entity_type,PullRequestReviewComment,2,0.007326007326007326
16563587->571342238,source_entity_type,Push,203,0.7435897435897436
16563587->571342238,target_entity_type,Commit,1,0.003663003663003663
16563587->571342238,target_entity_type,GitHub_Files_FileChanges,54,0.1978021978021978
16563587->571342238,target_entity_type,GitHub_GenSer_Other_Links,22,0.08058608058608059
16563587->571342238,target_entity_type,Issue,25,0.09157509157509157
16563587->571342238,target_entity_type,PullRequest,171,0.6263736263736264
166515022->166282681,event_type,IssueCommentEvent,835,0.9988038277511961
166515022->166282681,event_type,PullRequestReviewCommentEvent,1,0.0011961722488038277
166515022->166282681,source_entity_type,IssueComment,835,0.9988038277511961
166515022->166282681,source_entity_type,PullRequestReviewComment,1,0.0011961722488038277
166515022->166282681,target_entity_type,GitHub_Files_FileChanges,1,0.0011961722488038277
166515022->166282681,target_entity_type,GitHub_GenSer_Other_Links,414,0.49521531100478466
166515022->166282681,target_entity_type,Repo,421,0.5035885167464115
195619075->71133469,event_type,PullRequestReviewCommentEvent,2297,1.0
195619075->71133469,source_entity_type,PullRequestReviewComment,2297,1.0
195619075->71133469,target_entity_type,Repo,2297,1.0
268163609->14367737,event_type,PullRequestEvent,23,0.09787234042553192
268163609->14367737,event_type,PushEvent,212,0.902127659574468
268163609->14367737,source_entity_type,PullRequest,23,0.09787234042553192
268163609->14367737,source_entity_type,Push,212,0.902127659574468
268163609->14367737,target_entity_type,GitHub_GenSer_Other_Links,106,0.451063829787234
268163609->14367737,target_entity_type,Repo,129,0.548936170212766
268163609->201517171,event_type,IssueCommentEvent,6,0.031578947368421054
268163609->201517171,event_type,PullRequestEvent,14,0.07368421052631578
268163609->201517171,event_type,PushEvent,170,0.8947368421052632
268163609->201517171,source_entity_type,IssueComment,6,0.031578947368421054
268163609->201517171,source_entity_type,PullRequest,14,0.07368421052631578
268163609->201517171,source_entity_type,Push,170,0.8947368421052632
268163609->201517171,target_entity_type,Branch_Tag_GHDir,1,0.005263157894736842
268163609->201517171,target_entity_type,GitHub_Files_FileChanges,71,0.3736842105263158
268163609->201517171,target_entity_type,GitHub_GenSer_Other_Links,42,0.22105263157894736
268163609->201517171,target_entity_type,PullRequest,4,0.021052631578947368
268163609->201517171,target_entity_type,Repo,72,0.37894736842105264
268163609->31315121,event_type,PullRequestEvent,35,0.053353658536585365
268163609->31315121,event_type,PushEvent,621,0.9466463414634146
268163609->31315121,source_entity_type,PullRequest,35,0.053353658536585365
268163609->31315121,source_entity_type,Push,621,0.9466463414634146
268163609->31315121,target_entity_type,GitHub_Files_FileChanges,208,0.3170731707317073
268163609->31315121,target_entity_type,GitHub_GenSer_Other_Links,207,0.3155487804878049
268163609->31315121,target_entity_type,Repo,241,0.3673780487804878
268163609->35894511,event_type,PullRequestEvent,14,0.07446808510638298
268163609->35894511,event_type,PushEvent,174,0.925531914893617
268163609->35894511,source_entity_type,PullRequest,14,0.07446808510638298
268163609->35894511,source_entity_type,Push,174,0.925531914893617
268163609->35894511,target_entity_type,GitHub_GenSer_Other_Links,87,0.4627659574468085
268163609->35894511,target_entity_type,Repo,101,0.5372340425531915
268163609->62350380,event_type,PullRequestEvent,10,0.05102040816326531
268163609->62350380,event_type,PushEvent,186,0.9489795918367347
268163609->62350380,source_entity_type,PullRequest,10,0.05102040816326531
268163609->62350380,source_entity_type,Push,186,0.9489795918367347
268163609->62350380,target_entity_type,GitHub_Files_FileChanges,62,0.3163265306122449
268163609->62350380,target_entity_type,GitHub_GenSer_Other_Links,62,0.3163265306122449
268163609->62350380,target_entity_type,Repo,72,0.3673469387755102
268163609->67836789,event_type,PullRequestEvent,82,0.3374485596707819
268163609->67836789,event_type,PushEvent,161,0.6625514403292181
268163609->67836789,source_entity_type,PullRequest,82,0.3374485596707819
268163609->67836789,source_entity_type,Push,161,0.6625514403292181
268163609->67836789,target_entity_type,GitHub_GenSer_Other_Links,74,0.3045267489711934
268163609->67836789,target_entity_type,Issue,65,0.2674897119341564
268163609->67836789,target_entity_type,Repo,104,0.4279835390946502
30449481->11061773,event_type,PullRequestEvent,23,0.11330049261083744
30449481->11061773,event_type,PushEvent,180,0.8866995073891626
30449481->11061773,source_entity_type,PullRequest,23,0.11330049261083744
30449481->11061773,source_entity_type,Push,180,0.8866995073891626
30449481->11061773,target_entity_type,GitHub_Files_FileChanges,60,0.2955665024630542
30449481->11061773,target_entity_type,GitHub_GenSer_Other_Links,60,0.2955665024630542
30449481->11061773,target_entity_type,Repo,83,0.4088669950738916
30449481->75104123,event_type,PullRequestEvent,20,0.10638297872340426
30449481->75104123,event_type,PushEvent,168,0.8936170212765957
30449481->75104123,source_entity_type,PullRequest,20,0.10638297872340426
30449481->75104123,source_entity_type,Push,168,0.8936170212765957
30449481->75104123,target_entity_type,GitHub_Files_FileChanges,56,0.2978723404255319
30449481->75104123,target_entity_type,GitHub_GenSer_Other_Links,56,0.2978723404255319
30449481->75104123,target_entity_type,Repo,76,0.40425531914893614
31315021->137814779,event_type,PullRequestEvent,24,0.08247422680412371
31315021->137814779,event_type,PushEvent,267,0.9175257731958762
31315021->137814779,source_entity_type,PullRequest,24,0.08247422680412371
31315021->137814779,source_entity_type,Push,267,0.9175257731958762
31315021->137814779,target_entity_type,GitHub_Files_FileChanges,89,0.30584192439862545
31315021->137814779,target_entity_type,GitHub_GenSer_Other_Links,89,0.30584192439862545
31315021->137814779,target_entity_type,Issue,2,0.006872852233676976
31315021->137814779,target_entity_type,Repo,111,0.38144329896907214
334274271->168736310,event_type,IssueCommentEvent,2084,0.9572806614607258
334274271->168736310,event_type,IssuesEvent,19,0.008727606798346348
334274271->168736310,event_type,PullRequestEvent,35,0.01607717041800643
334274271->168736310,event_type,PullRequestReviewCommentEvent,35,0.01607717041800643
334274271->168736310,event_type,PullRequestReviewEvent,4,0.0018373909049150207
334274271->168736310,source_entity_type,Issue,19,0.008727606798346348
334274271->168736310,source_entity_type,IssueComment,2084,0.9572806614607258
334274271->168736310,source_entity_type,PullRequest,35,0.01607717041800643
334274271->168736310,source_entity_type,PullRequestReview,4,0.0018373909049150207
334274271->168736310,source_entity_type,PullRequestReviewComment,35,0.01607717041800643
334274271->168736310,target_entity_type,Commit,1,0.00045934772622875517
334274271->168736310,target_entity_type,GitHub_Files_FileChanges,57,0.026182820395039046
334274271->168736310,target_entity_type,GitHub_GenSer_Other_Links,2,0.0009186954524575103
334274271->168736310,target_entity_type,Issue,71,0.032613688562241616
334274271->168736310,target_entity_type,IssueComment,3,0.0013780431786862655
334274271->168736310,target_entity_type,PullRequest,39,0.017914561322921452
334274271->168736310,target_entity_type,PullRequestReviewComment,1,0.00045934772622875517
334274271->168736310,target_entity_type,Repo,2003,0.9200734956361966
334274271->2928948,event_type,IssueCommentEvent,4,0.021505376344086023
334274271->2928948,event_type,PullRequestEvent,12,0.06451612903225806
334274271->2928948,event_type,PushEvent,170,0.9139784946236559
334274271->2928948,source_entity_type,IssueComment,4,0.021505376344086023
334274271->2928948,source_entity_type,PullRequest,12,0.06451612903225806
334274271->2928948,source_entity_type,Push,170,0.9139784946236559
334274271->2928948,target_entity_type,GitHub_GenSer_Other_Links,85,0.45698924731182794
334274271->2928948,target_entity_type,Issue,4,0.021505376344086023
334274271->2928948,target_entity_type,PullRequest,1,0.005376344086021506
334274271->2928948,target_entity_type,Repo,96,0.5161290322580645
334274271->323830219,event_type,IssueCommentEvent,2001,0.9995004995004995
334274271->323830219,event_type,IssuesEvent,1,0.0004995004995004995
334274271->323830219,source_entity_type,Issue,1,0.0004995004995004995
334274271->323830219,source_entity_type,IssueComment,2001,0.9995004995004995
334274271->323830219,target_entity_type,Issue,1,0.0004995004995004995
334274271->323830219,target_entity_type,Repo,2001,0.9995004995004995
334274271->354080507,event_type,IssueCommentEvent,1998,0.999
334274271->354080507,event_type,IssuesEvent,1,0.0005
334274271->354080507,event_type,PullRequestEvent,1,0.0005
334274271->354080507,source_entity_type,Issue,1,0.0005
334274271->354080507,source_entity_type,IssueComment,1998,0.999
334274271->354080507,source_entity_type,PullRequest,1,0.0005
334274271->354080507,target_entity_type,Issue,2,0.001
334274271->354080507,target_entity_type,Repo,1998,0.999
334274271->354090893,event_type,IssueCommentEvent,2012,0.986758214811182
334274271->354090893,event_type,IssuesEvent,18,0.008827856792545365
334274271->354090893,event_type,PullRequestEvent,5,0.0024521824423737125
334274271->354090893,event_type,PullRequestReviewCommentEvent,4,0.00196174595389897
334274271->354090893,source_entity_type,Issue,18,0.008827856792545365
334274271->354090893,source_entity_type,IssueComment,2012,0.986758214811182
334274271->354090893,source_entity_type,PullRequest,5,0.0024521824423737125
334274271->354090893,source_entity_type,PullRequestReviewComment,4,0.00196174595389897
334274271->354090893,target_entity_type,Branch_Tag_GHDir,2,0.000980872976949485
334274271->354090893,target_entity_type,GitHub_Files_FileChanges,13,0.0063756743501716525
334274271->354090893,target_entity_type,GitHub_GenSer_Other_Links,3,0.0014713094654242277
334274271->354090893,target_entity_type,Issue,9,0.004413928396272682
334274271->354090893,target_entity_type,IssueComment,6,0.0029426189308484553
334274271->354090893,target_entity_type,PullRequest,8,0.00392349190779794
334274271->354090893,target_entity_type,Repo,1998,0.9798921039725356
334274271->354094562,event_type,IssueCommentEvent,2006,0.9995017438963627
334274271->354094562,event_type,IssuesEvent,1,0.0004982561036372695
334274271->354094562,source_entity_type,Issue,1,0.0004982561036372695
334274271->354094562,source_entity_type,IssueComment,2006,0.9995017438963627
334274271->354094562,target_entity_type,GitHub_Files_FileChanges,1,0.0004982561036372695
334274271->354094562,target_entity_type,Issue,2,0.000996512207274539
334274271->354094562,target_entity_type,PullRequest,2,0.000996512207274539
334274271->354094562,target_entity_type,Repo,2002,0.9975087194818136
334274271->354123935,event_type,IssueCommentEvent,1996,0.9984992496248124
334274271->354123935,event_type,IssuesEvent,3,0.0015007503751875938
334274271->354123935,source_entity_type,Issue,3,0.0015007503751875938
334274271->354123935,source_entity_type,IssueComment,1996,0.9984992496248124
334274271->354123935,target_entity_type,GitHub_Files_FileChanges,2,0.0010005002501250625
334274271->354123935,target_entity_type,Issue,1,0.0005002501250625312
334274271->354123935,target_entity_type,Repo,1996,0.9984992496248124
334274271->354125784,event_type,IssueCommentEvent,2005,0.9995014955134596
334274271->354125784,event_type,PullRequestEvent,1,0.0004985044865403788
334274271->354125784,source_entity_type,IssueComment,2005,0.9995014955134596
334274271->354125784,source_entity_type,PullRequest,1,0.0004985044865403788
334274271->354125784,target_entity_type,Branch_Tag_GHDir,1,0.0004985044865403788
334274271->354125784,target_entity_type,GitHub_Files_FileChanges,2,0.0009970089730807576
334274271->354125784,target_entity_type,PullRequest,2,0.0009970089730807576
334274271->354125784,target_entity_type,Repo,2001,0.9975074775672981
334274271->354126484,event_type,IssueCommentEvent,2006,0.999003984063745
334274271->354126484,event_type,IssuesEvent,2,0.00099601593625498
334274271->354126484,source_entity_type,Issue,2,0.00099601593625498
334274271->354126484,source_entity_type,IssueComment,2006,0.999003984063745
334274271->354126484,target_entity_type,GitHub_GenSer_Other_Links,1,0.00049800796812749
334274271->354126484,target_entity_type,Issue,2,0.00099601593625498
334274271->354126484,target_entity_type,PullRequest,1,0.00049800796812749
334274271->354126484,target_entity_type,Repo,2004,0.99800796812749
334274271->354129853,event_type,IssueCommentEvent,2008,0.9955379276152702
334274271->354129853,event_type,IssuesEvent,8,0.0039662865642042635
334274271->354129853,event_type,PullRequestEvent,1,0.0004957858205255329
334274271->354129853,source_entity_type,Issue,8,0.0039662865642042635
334274271->354129853,source_entity_type,IssueComment,2008,0.9955379276152702
334274271->354129853,source_entity_type,PullRequest,1,0.0004957858205255329
334274271->354129853,target_entity_type,GitHub_Files_FileChanges,3,0.001487357461576599
334274271->354129853,target_entity_type,GitHub_GenSer_Other_Links,2,0.0009915716410510659
334274271->354129853,target_entity_type,Issue,5,0.002478929102627665
334274271->354129853,target_entity_type,PullRequest,6,0.002974714923153198
334274271->354129853,target_entity_type,Repo,2001,0.9920674268715914
334274271->354136133,event_type,IssueCommentEvent,2004,0.9995012468827931
334274271->354136133,event_type,IssuesEvent,1,0.0004987531172069825
334274271->354136133,source_entity_type,Issue,1,0.0004987531172069825
334274271->354136133,source_entity_type,IssueComment,2004,0.9995012468827931
334274271->354136133,target_entity_type,Issue,1,0.0004987531172069825
334274271->354136133,target_entity_type,PullRequest,2,0.000997506234413965
334274271->354136133,target_entity_type,Repo,2002,0.9985037406483791
334274271->355015152,event_type,IssueCommentEvent,2000,0.998003992015968
334274271->355015152,event_type,IssuesEvent,3,0.0014970059880239522
334274271->355015152,event_type,PullRequestReviewCommentEvent,1,0.000499001996007984
334274271->355015152,source_entity_type,Issue,3,0.0014970059880239522
334274271->355015152,source_entity_type,IssueComment,2000,0.998003992015968
334274271->355015152,source_entity_type,PullRequestReviewComment,1,0.000499001996007984
334274271->355015152,target_entity_type,GitHub_Files_FileChanges,5,0.00249500998003992
334274271->355015152,target_entity_type,Issue,2,0.000998003992015968
334274271->355015152,target_entity_type,PullRequest,1,0.000499001996007984
334274271->355015152,target_entity_type,Repo,1996,0.9960079840319361
334274271->355027797,event_type,IssueCommentEvent,1996,0.99949924887331
334274271->355027797,event_type,IssuesEvent,1,0.000500751126690035
334274271->355027797,source_entity_type,Issue,1,0.000500751126690035
334274271->355027797,source_entity_type,IssueComment,1996,0.99949924887331
334274271->355027797,target_entity_type,Issue,1,0.000500751126690035
334274271->355027797,target_entity_type,PullRequest,1,0.000500751126690035
334274271->355027797,target_entity_type,Repo,1995,0.99899849774662
334274271->355030559,event_type,IssueCommentEvent,2006,0.9985067197610752
334274271->355030559,event_type,IssuesEvent,1,0.0004977600796416127
334274271->355030559,event_type,PullRequestEvent,1,0.0004977600796416127
334274271->355030559,event_type,PullRequestReviewCommentEvent,1,0.0004977600796416127
334274271->355030559,source_entity_type,Issue,1,0.0004977600796416127
334274271->355030559,source_entity_type,IssueComment,2006,0.9985067197610752
334274271->355030559,source_entity_type,PullRequest,1,0.0004977600796416127
334274271->355030559,source_entity_type,PullRequestReviewComment,1,0.0004977600796416127
334274271->355030559,target_entity_type,GitHub_GenSer_Other_Links,1,0.0004977600796416127
334274271->355030559,target_entity_type,Issue,1,0.0004977600796416127
334274271->355030559,target_entity_type,IssueComment,1,0.0004977600796416127
334274271->355030559,target_entity_type,PullRequest,6,0.0029865604778496766
334274271->355030559,target_entity_type,Repo,2000,0.9955201592832255
334274271->355032495,event_type,IssueCommentEvent,1998,0.996011964107677
334274271->355032495,event_type,IssuesEvent,8,0.003988035892323031
334274271->355032495,source_entity_type,Issue,8,0.003988035892323031
334274271->355032495,source_entity_type,IssueComment,1998,0.996011964107677
334274271->355032495,target_entity_type,GitHub_Files_FileChanges,4,0.0019940179461615153
334274271->355032495,target_entity_type,Issue,10,0.004985044865403789
334274271->355032495,target_entity_type,IssueComment,1,0.0004985044865403788
334274271->355032495,target_entity_type,PullRequest,2,0.0009970089730807576
334274271->355032495,target_entity_type,Repo,1989,0.9915254237288136
334274271->355033263,event_type,IssueCommentEvent,2001,0.9995004995004995
334274271->355033263,event_type,IssuesEvent,1,0.0004995004995004995
334274271->355033263,source_entity_type,Issue,1,0.0004995004995004995
334274271->355033263,source_entity_type,IssueComment,2001,0.9995004995004995
334274271->355033263,target_entity_type,Commit,1,0.0004995004995004995
334274271->355033263,target_entity_type,Issue,2,0.000999000999000999
334274271->355033263,target_entity_type,Repo,1999,0.9985014985014985
334274271->355035157,event_type,IssueCommentEvent,2007,0.9990044798407167
334274271->355035157,event_type,IssuesEvent,2,0.0009955201592832255
334274271->355035157,source_entity_type,Issue,2,0.0009955201592832255
334274271->355035157,source_entity_type,IssueComment,2007,0.9990044798407167
334274271->355035157,target_entity_type,GitHub_GenSer_Other_Links,1,0.0004977600796416127
334274271->355035157,target_entity_type,Issue,1,0.0004977600796416127
334274271->355035157,target_entity_type,IssueComment,1,0.0004977600796416127
334274271->355035157,target_entity_type,PullRequest,1,0.0004977600796416127
334274271->355035157,target_entity_type,Repo,2005,0.9980089596814335
334274271->383875967,event_type,IssueCommentEvent,2007,0.9965243296921549
334274271->383875967,event_type,IssuesEvent,2,0.0009930486593843098
334274271->383875967,event_type,PullRequestEvent,2,0.0009930486593843098
334274271->383875967,event_type,PushEvent,3,0.0014895729890764648
334274271->383875967,source_entity_type,Issue,2,0.0009930486593843098
334274271->383875967,source_entity_type,IssueComment,2007,0.9965243296921549
334274271->383875967,source_entity_type,PullRequest,2,0.0009930486593843098
334274271->383875967,source_entity_type,Push,3,0.0014895729890764648
334274271->383875967,target_entity_type,GitHub_Files_FileChanges,5,0.0024826216484607746
334274271->383875967,target_entity_type,Issue,8,0.003972194637537239
334274271->383875967,target_entity_type,Repo,2001,0.993545183714002
334274271->457577836,event_type,IssueCommentEvent,1428,0.9979035639412998
334274271->457577836,event_type,IssuesEvent,3,0.0020964360587002098
334274271->457577836,source_entity_type,Issue,3,0.0020964360587002098
334274271->457577836,source_entity_type,IssueComment,1428,0.9979035639412998
334274271->457577836,target_entity_type,GitHub_GenSer_Other_Links,1,0.0006988120195667365
334274271->457577836,target_entity_type,Issue,1,0.0006988120195667365
334274271->457577836,target_entity_type,Repo,1429,0.9986023759608665
334274271->490557661,event_type,IssueCommentEvent,2003,0.999002493765586
334274271->490557661,event_type,IssuesEvent,1,0.0004987531172069825
334274271->490557661,event_type,PullRequestEvent,1,0.0004987531172069825
334274271->490557661,source_entity_type,Issue,1,0.0004987531172069825
334274271->490557661,source_entity_type,IssueComment,2003,0.999002493765586
334274271->490557661,source_entity_type,PullRequest,1,0.0004987531172069825
334274271->490557661,target_entity_type,GitHub_GenSer_Other_Links,1,0.0004987531172069825
334274271->490557661,target_entity_type,Issue,2,0.000997506234413965
334274271->490557661,target_entity_type,PullRequest,2,0.000997506234413965
334274271->490557661,target_entity_type,Repo,2000,0.9975062344139651
334274271->540262346,event_type,IssueCommentEvent,2004,0.9960238568588469
334274271->540262346,event_type,IssuesEvent,5,0.002485089463220676
334274271->540262346,event_type,PullRequestEvent,2,0.0009940357852882703
334274271->540262346,event_type,PullRequestReviewCommentEvent,1,0.0004970178926441351
334274271->540262346,source_entity_type,Issue,5,0.002485089463220676
334274271->540262346,source_entity_type,IssueComment,2004,0.9960238568588469
334274271->540262346,source_entity_type,PullRequest,2,0.0009940357852882703
334274271->540262346,source_entity_type,PullRequestReviewComment,1,0.0004970178926441351
334274271->540262346,target_entity_type,GitHub_GenSer_Other_Links,2,0.0009940357852882703
334274271->540262346,target_entity_type,Issue,10,0.004970178926441352
334274271->540262346,target_entity_type,PullRequest,1,0.0004970178926441351
334274271->540262346,target_entity_type,Repo,1999,0.9935387673956262
334274271->688586835,event_type,IssueCommentEvent,855,0.9965034965034965
334274271->688586835,event_type,PullRequestEvent,1,0.0011655011655011655
334274271->688586835,event_type,PushEvent,2,0.002331002331002331
334274271->688586835,source_entity_type,IssueComment,855,0.9965034965034965
334274271->688586835,source_entity_type,PullRequest,1,0.0011655011655011655
334274271->688586835,source_entity_type,Push,2,0.002331002331002331
334274271->688586835,target_entity_type,Repo,858,1.0
344711168->27576132,event_type,PullRequestEvent,215,0.32975460122699385
344711168->27576132,event_type,PushEvent,437,0.6702453987730062
344711168->27576132,source_entity_type,PullRequest,215,0.32975460122699385
344711168->27576132,source_entity_type,Push,437,0.6702453987730062
344711168->27576132,target_entity_type,GitHub_Files_FileChanges,9,0.013803680981595092
344711168->27576132,target_entity_type,GitHub_GenSer_Other_Links,214,0.3282208588957055
344711168->27576132,target_entity_type,Repo,429,0.6579754601226994
346976717->290227969,event_type,IssueCommentEvent,1851,1.0
346976717->290227969,source_entity_type,IssueComment,1851,1.0
346976717->290227969,target_entity_type,GitHub_Files_FileChanges,1851,1.0
351806852->13258039,event_type,PullRequestEvent,8,0.011764705882352941
351806852->13258039,event_type,PushEvent,672,0.9882352941176471
351806852->13258039,source_entity_type,PullRequest,8,0.011764705882352941
351806852->13258039,source_entity_type,Push,672,0.9882352941176471
351806852->13258039,target_entity_type,Commit,100,0.14705882352941177
351806852->13258039,target_entity_type,GitHub_Files_FileChanges,14,0.020588235294117647
351806852->13258039,target_entity_type,GitHub_GenSer_Other_Links,39,0.057352941176470586
351806852->13258039,target_entity_type,Issue,510,0.75
351806852->13258039,target_entity_type,Repo,17,0.025
351806852->545901542,event_type,IssueCommentEvent,6,0.02586206896551724
351806852->545901542,event_type,IssuesEvent,6,0.02586206896551724
351806852->545901542,event_type,PullRequestEvent,20,0.08620689655172414
351806852->545901542,event_type,PullRequestReviewCommentEvent,1,0.004310344827586207
351806852->545901542,event_type,PullRequestReviewEvent,1,0.004310344827586207
351806852->545901542,event_type,PushEvent,198,0.853448275862069
351806852->545901542,source_entity_type,Issue,6,0.02586206896551724
351806852->545901542,source_entity_type,IssueComment,6,0.02586206896551724
351806852->545901542,source_entity_type,PullRequest,20,0.08620689655172414
351806852->545901542,source_entity_type,PullRequestReview,1,0.004310344827586207
351806852->545901542,source_entity_type,PullRequestReviewComment,1,0.004310344827586207
351806852->545901542,source_entity_type,Push,198,0.853448275862069
351806852->545901542,target_entity_type,GitHub_Files_FileChanges,2,0.008620689655172414
351806852->545901542,target_entity_type,Issue,17,0.07327586206896551
351806852->545901542,target_entity_type,PullRequest,204,0.8793103448275862
351806852->545901542,target_entity_type,Release,9,0.03879310344827586
357707809->67836789,event_type,PullRequestEvent,80,0.34934497816593885
357707809->67836789,event_type,PushEvent,149,0.6506550218340611
357707809->67836789,source_entity_type,PullRequest,80,0.34934497816593885
357707809->67836789,source_entity_type,Push,149,0.6506550218340611
357707809->67836789,target_entity_type,GitHub_GenSer_Other_Links,71,0.31004366812227074
357707809->67836789,target_entity_type,Issue,72,0.314410480349345
357707809->67836789,target_entity_type,Repo,86,0.37554585152838427
358917318->358917250,event_type,IssueCommentEvent,166,0.4356955380577428
358917318->358917250,event_type,IssuesEvent,33,0.08661417322834646
358917318->358917250,event_type,PullRequestEvent,105,0.2755905511811024
358917318->358917250,event_type,PullRequestReviewCommentEvent,68,0.1784776902887139
358917318->358917250,event_type,PullRequestReviewEvent,8,0.02099737532808399
358917318->358917250,event_type,PushEvent,1,0.0026246719160104987
358917318->358917250,source_entity_type,Issue,33,0.08661417322834646
358917318->358917250,source_entity_type,IssueComment,166,0.4356955380577428
358917318->358917250,source_entity_type,PullRequest,105,0.2755905511811024
358917318->358917250,source_entity_type,PullRequestReview,8,0.02099737532808399
358917318->358917250,source_entity_type,PullRequestReviewComment,68,0.1784776902887139
358917318->358917250,source_entity_type,Push,1,0.0026246719160104987
358917318->358917250,target_entity_type,Commit,1,0.0026246719160104987
358917318->358917250,target_entity_type,GitHub_Files_FileChanges,57,0.14960629921259844
358917318->358917250,target_entity_type,Issue,112,0.29396325459317585
358917318->358917250,target_entity_type,IssueComment,15,0.03937007874015748
358917318->358917250,target_entity_type,PullRequest,117,0.30708661417322836
358917318->358917250,target_entity_type,PullRequestReviewComment,1,0.0026246719160104987
358917318->358917250,target_entity_type,Repo,78,0.2047244094488189
3786237->113678857,event_type,PullRequestEvent,3,0.008797653958944282
3786237->113678857,event_type,PushEvent,338,0.9912023460410557
3786237->113678857,source_entity_type,PullRequest,3,0.008797653958944282
3786237->113678857,source_entity_type,Push,338,0.9912023460410557
3786237->113678857,target_entity_type,Commit,52,0.15249266862170088
3786237->113678857,target_entity_type,GitHub_GenSer_Other_Links,15,0.04398826979472141
3786237->113678857,target_entity_type,Issue,34,0.09970674486803519
3786237->113678857,target_entity_type,PullRequest,224,0.656891495601173
3786237->113678857,target_entity_type,Repo,16,0.0469208211143695
3786237->197814629,event_type,PullRequestEvent,6,0.0196078431372549
3786237->197814629,event_type,PushEvent,300,0.9803921568627451
3786237->197814629,source_entity_type,PullRequest,6,0.0196078431372549
3786237->197814629,source_entity_type,Push,300,0.9803921568627451
3786237->197814629,target_entity_type,Commit,30,0.09803921568627451
3786237->197814629,target_entity_type,GitHub_Files_FileChanges,5,0.016339869281045753
3786237->197814629,target_entity_type,GitHub_GenSer_Other_Links,29,0.09477124183006536
3786237->197814629,target_entity_type,Issue,33,0.10784313725490197
3786237->197814629,target_entity_type,PullRequest,198,0.6470588235294118
3786237->197814629,target_entity_type,Repo,11,0.03594771241830065
3786237->263991304,event_type,PullRequestEvent,43,0.1075
3786237->263991304,event_type,PushEvent,357,0.8925
3786237->263991304,source_entity_type,PullRequest,43,0.1075
3786237->263991304,source_entity_type,Push,357,0.8925
3786237->263991304,target_entity_type,Commit,147,0.3675
3786237->263991304,target_entity_type,GitHub_Files_FileChanges,10,0.025
3786237->263991304,target_entity_type,GitHub_GenSer_Other_Links,26,0.065
3786237->263991304,target_entity_type,Issue,147,0.3675
3786237->263991304,target_entity_type,Repo,70,0.175
3786237->287743349,event_type,PullRequestEvent,1,0.00510204081632653
3786237->287743349,event_type,PushEvent,195,0.9948979591836735
3786237->287743349,source_entity_type,PullRequest,1,0.00510204081632653
3786237->287743349,source_entity_type,Push,195,0.9948979591836735
3786237->287743349,target_entity_type,Commit,30,0.15306122448979592
3786237->287743349,target_entity_type,GitHub_GenSer_Other_Links,21,0.10714285714285714
3786237->287743349,target_entity_type,Issue,27,0.1377551020408163
3786237->287743349,target_entity_type,PullRequest,114,0.5816326530612245
3786237->287743349,target_entity_type,Repo,4,0.02040816326530612
3786237->6207167,event_type,IssueCommentEvent,2,0.002333722287047841
3786237->6207167,event_type,PullRequestEvent,4,0.004667444574095682
3786237->6207167,event_type,PushEvent,851,0.9929988331388565
3786237->6207167,source_entity_type,IssueComment,2,0.002333722287047841
3786237->6207167,source_entity_type,PullRequest,4,0.004667444574095682
3786237->6207167,source_entity_type,Push,851,0.9929988331388565
3786237->6207167,target_entity_type,Commit,80,0.09334889148191365
3786237->6207167,target_entity_type,GitHub_GenSer_Other_Links,36,0.042007001166861145
3786237->6207167,target_entity_type,Issue,385,0.4492415402567094
3786237->6207167,target_entity_type,PullRequest,342,0.3990665110851809
3786237->6207167,target_entity_type,Release,5,0.005834305717619603
3786237->6207167,target_entity_type,Repo,9,0.010501750291715286
3786237->6818061,event_type,PullRequestEvent,2,0.009259259259259259
3786237->6818061,event_type,PushEvent,214,0.9907407407407407
3786237->6818061,source_entity_type,PullRequest,2,0.009259259259259259
3786237->6818061,source_entity_type,Push,214,0.9907407407407407
3786237->6818061,target_entity_type,Commit,30,0.1388888888888889
3786237->6818061,target_entity_type,GitHub_GenSer_Other_Links,15,0.06944444444444445
3786237->6818061,target_entity_type,Issue,70,0.32407407407407407
3786237->6818061,target_entity_type,PullRequest,96,0.4444444444444444
3786237->6818061,target_entity_type,Repo,5,0.023148148148148147
385634291->27096595,event_type,PullRequestEvent,13,0.03823529411764706
385634291->27096595,event_type,PushEvent,327,0.961764705882353
385634291->27096595,source_entity_type,PullRequest,13,0.03823529411764706
385634291->27096595,source_entity_type,Push,327,0.961764705882353
385634291->27096595,target_entity_type,GitHub_Files_FileChanges,109,0.3205882352941177
385634291->27096595,target_entity_type,GitHub_GenSer_Other_Links,109,0.3205882352941177
385634291->27096595,target_entity_type,Repo,122,0.3588235294117647
385634291->27576132,event_type,PullRequestEvent,20,0.06688963210702341
385634291->27576132,event_type,PullRequestReviewEvent,3,0.010033444816053512
385634291->27576132,event_type,PushEvent,276,0.9230769230769231
385634291->27576132,source_entity_type,PullRequest,20,0.06688963210702341
385634291->27576132,source_entity_type,PullRequestReview,3,0.010033444816053512
385634291->27576132,source_entity_type,Push,276,0.9230769230769231
385634291->27576132,target_entity_type,GitHub_GenSer_Other_Links,138,0.46153846153846156
385634291->27576132,target_entity_type,PullRequest,1,0.0033444816053511705
385634291->27576132,target_entity_type,Release,2,0.006688963210702341
385634291->27576132,target_entity_type,Repo,158,0.5284280936454849
385634291->392728007,event_type,IssueCommentEvent,23,0.11442786069651742
385634291->392728007,event_type,IssuesEvent,9,0.04477611940298507
385634291->392728007,event_type,PullRequestEvent,52,0.25870646766169153
385634291->392728007,event_type,PullRequestReviewCommentEvent,11,0.05472636815920398
385634291->392728007,event_type,PullRequestReviewEvent,2,0.009950248756218905
385634291->392728007,event_type,PushEvent,103,0.5124378109452736
385634291->392728007,event_type,ReleaseEvent,1,0.004975124378109453
385634291->392728007,source_entity_type,Issue,9,0.04477611940298507
385634291->392728007,source_entity_type,IssueComment,23,0.11442786069651742
385634291->392728007,source_entity_type,PullRequest,52,0.25870646766169153
385634291->392728007,source_entity_type,PullRequestReview,2,0.009950248756218905
385634291->392728007,source_entity_type,PullRequestReviewComment,11,0.05472636815920398
385634291->392728007,source_entity_type,Push,103,0.5124378109452736
385634291->392728007,source_entity_type,Release,1,0.004975124378109453
385634291->392728007,target_entity_type,Commit,5,0.024875621890547265
385634291->392728007,target_entity_type,GitHub_Files_FileChanges,14,0.06965174129353234
385634291->392728007,target_entity_type,GitHub_GenSer_Other_Links,5,0.024875621890547265
385634291->392728007,target_entity_type,Issue,3,0.014925373134328358
385634291->392728007,target_entity_type,PullRequest,172,0.8557213930348259
385634291->392728007,target_entity_type,Repo,2,0.009950248756218905
385634291->393288578,event_type,IssueCommentEvent,7,0.025830258302583026
385634291->393288578,event_type,IssuesEvent,2,0.007380073800738007
385634291->393288578,event_type,PullRequestEvent,57,0.21033210332103322
385634291->393288578,event_type,PullRequestReviewCommentEvent,4,0.014760147601476014
385634291->393288578,event_type,PushEvent,201,0.7416974169741697
385634291->393288578,source_entity_type,Issue,2,0.007380073800738007
385634291->393288578,source_entity_type,IssueComment,7,0.025830258302583026
385634291->393288578,source_entity_type,PullRequest,57,0.21033210332103322
385634291->393288578,source_entity_type,PullRequestReviewComment,4,0.014760147601476014
385634291->393288578,source_entity_type,Push,201,0.7416974169741697
385634291->393288578,target_entity_type,Branch,1,0.0036900369003690036
385634291->393288578,target_entity_type,Branch_Tag_GHDir,3,0.01107011070110701
385634291->393288578,target_entity_type,Commit,53,0.19557195571955718
385634291->393288578,target_entity_type,GitHub_Files_FileChanges,6,0.02214022140221402
385634291->393288578,target_entity_type,GitHub_GenSer_Other_Links,1,0.0036900369003690036
385634291->393288578,target_entity_type,Issue,1,0.0036900369003690036
385634291->393288578,target_entity_type,PullRequest,206,0.7601476014760148
385634291->6838921,event_type,IssueCommentEvent,39,0.12828947368421054
385634291->6838921,event_type,IssuesEvent,31,0.10197368421052631
385634291->6838921,event_type,PullRequestEvent,22,0.07236842105263158
385634291->6838921,event_type,PullRequestReviewCommentEvent,24,0.07894736842105263
385634291->6838921,event_type,PullRequestReviewEvent,6,0.019736842105263157
385634291->6838921,event_type,PushEvent,182,0.5986842105263158
385634291->6838921,source_entity_type,Issue,31,0.10197368421052631
385634291->6838921,source_entity_type,IssueComment,39,0.12828947368421054
385634291->6838921,source_entity_type,PullRequest,22,0.07236842105263158
385634291->6838921,source_entity_type,PullRequestReview,6,0.019736842105263157
385634291->6838921,source_entity_type,PullRequestReviewComment,24,0.07894736842105263
385634291->6838921,source_entity_type,Push,182,0.5986842105263158
385634291->6838921,target_entity_type,Branch_Tag_GHDir,1,0.003289473684210526
385634291->6838921,target_entity_type,Commit,14,0.046052631578947366
385634291->6838921,target_entity_type,GitHub_Files_FileChanges,40,0.13157894736842105
385634291->6838921,target_entity_type,GitHub_GenSer_Other_Links,23,0.0756578947368421
385634291->6838921,target_entity_type,Issue,9,0.029605263157894735
385634291->6838921,target_entity_type,PullRequest,217,0.7138157894736842
388946490->11131631,event_type,PullRequestEvent,3,0.010452961672473868
388946490->11131631,event_type,PushEvent,284,0.9895470383275261
388946490->11131631,source_entity_type,PullRequest,3,0.010452961672473868
388946490->11131631,source_entity_type,Push,284,0.9895470383275261
388946490->11131631,target_entity_type,Commit,275,0.9581881533101045
388946490->11131631,target_entity_type,Issue,2,0.006968641114982578
388946490->11131631,target_entity_type,PullRequest,10,0.03484320557491289
388946490->128842710,event_type,PullRequestEvent,1,0.005291005291005291
388946490->128842710,event_type,PushEvent,188,0.9947089947089947
388946490->128842710,source_entity_type,PullRequest,1,0.005291005291005291
388946490->128842710,source_entity_type,Push,188,0.9947089947089947
388946490->128842710,target_entity_type,Commit,179,0.9470899470899471
388946490->128842710,target_entity_type,PullRequest,10,0.05291005291005291
388946490->24776728,event_type,PullRequestEvent,1,0.005376344086021506
388946490->24776728,event_type,PushEvent,185,0.9946236559139785
388946490->24776728,source_entity_type,PullRequest,1,0.005376344086021506
388946490->24776728,source_entity_type,Push,185,0.9946236559139785
388946490->24776728,target_entity_type,Commit,177,0.9516129032258065
388946490->24776728,target_entity_type,PullRequest,9,0.04838709677419355
388946490->4524181,event_type,IssueCommentEvent,7,0.011784511784511785
388946490->4524181,event_type,IssuesEvent,2,0.003367003367003367
388946490->4524181,event_type,PullRequestEvent,7,0.011784511784511785
388946490->4524181,event_type,PullRequestReviewCommentEvent,10,0.016835016835016835
388946490->4524181,event_type,PushEvent,568,0.9562289562289562
388946490->4524181,source_entity_type,Issue,2,0.003367003367003367
388946490->4524181,source_entity_type,IssueComment,7,0.011784511784511785
388946490->4524181,source_entity_type,PullRequest,7,0.011784511784511785
388946490->4524181,source_entity_type,PullRequestReviewComment,10,0.016835016835016835
388946490->4524181,source_entity_type,Push,568,0.9562289562289562
388946490->4524181,target_entity_type,Commit,562,0.9461279461279462
388946490->4524181,target_entity_type,GitHub_Files_FileChanges,22,0.037037037037037035
388946490->4524181,target_entity_type,Issue,1,0.0016835016835016834
388946490->4524181,target_entity_type,PullRequest,9,0.015151515151515152
388946490->5349565,event_type,IssueCommentEvent,87,0.31868131868131866
388946490->5349565,event_type,IssuesEvent,22,0.08058608058608059
388946490->5349565,event_type,PullRequestEvent,43,0.1575091575091575
388946490->5349565,event_type,PullRequestReviewCommentEvent,43,0.1575091575091575
388946490->5349565,event_type,PullRequestReviewEvent,4,0.014652014652014652
388946490->5349565,event_type,PushEvent,74,0.27106227106227104
388946490->5349565,source_entity_type,Issue,22,0.08058608058608059
388946490->5349565,source_entity_type,IssueComment,87,0.31868131868131866
388946490->5349565,source_entity_type,PullRequest,43,0.1575091575091575
388946490->5349565,source_entity_type,PullRequestReview,4,0.014652014652014652
388946490->5349565,source_entity_type,PullRequestReviewComment,43,0.1575091575091575
388946490->5349565,source_entity_type,Push,74,0.27106227106227104
388946490->5349565,target_entity_type,Branch_Tag_GHDir,1,0.003663003663003663
388946490->5349565,target_entity_type,Commit,1,0.003663003663003663
388946490->5349565,target_entity_type,GitHub_Files_FileChanges,116,0.4249084249084249
388946490->5349565,target_entity_type,GitHub_GenSer_Other_Links,2,0.007326007326007326
388946490->5349565,target_entity_type,Gollum,1,0.003663003663003663
388946490->5349565,target_entity_type,Issue,72,0.26373626373626374
388946490->5349565,target_entity_type,IssueComment,6,0.02197802197802198
388946490->5349565,target_entity_type,PullRequest,74,0.27106227106227104
388946490->577850152,event_type,PushEvent,201,1.0
388946490->577850152,source_entity_type,Push,201,1.0
388946490->577850152,target_entity_type,Commit,201,1.0
388946490->6930489,event_type,PullRequestEvent,4,0.02072538860103627
388946490->6930489,event_type,PushEvent,189,0.9792746113989638
388946490->6930489,source_entity_type,PullRequest,4,0.02072538860103627
388946490->6930489,source_entity_type,Push,189,0.9792746113989638
388946490->6930489,target_entity_type,Commit,181,0.9378238341968912
388946490->6930489,target_entity_type,PullRequest,12,0.06217616580310881
41349039->28366058,event_type,PullRequestEvent,2,0.003305785123966942
41349039->28366058,event_type,PushEvent,603,0.996694214876033
41349039->28366058,source_entity_type,PullRequest,2,0.003305785123966942
41349039->28366058,source_entity_type,Push,603,0.996694214876033
41349039->28366058,target_entity_type,Commit,216,0.35702479338842974
41349039->28366058,target_entity_type,GitHub_GenSer_Other_Links,19,0.03140495867768595
41349039->28366058,target_entity_type,Issue,54,0.08925619834710743
41349039->28366058,target_entity_type,PullRequest,288,0.47603305785123967
41349039->28366058,target_entity_type,Repo,28,0.04628099173553719
41349039->3060959,event_type,PullRequestEvent,2,0.005333333333333333
41349039->3060959,event_type,PushEvent,373,0.9946666666666667
41349039->3060959,source_entity_type,PullRequest,2,0.005333333333333333
41349039->3060959,source_entity_type,Push,373,0.9946666666666667
41349039->3060959,target_entity_type,Commit,230,0.6133333333333333
41349039->3060959,target_entity_type,GitHub_GenSer_Other_Links,27,0.072
41349039->3060959,target_entity_type,Issue,69,0.184
41349039->3060959,target_entity_type,Repo,49,0.13066666666666665
422821402->560750575,event_type,IssueCommentEvent,3,0.009202453987730062
422821402->560750575,event_type,PullRequestEvent,112,0.34355828220858897
422821402->560750575,event_type,PushEvent,211,0.647239263803681
422821402->560750575,source_entity_type,IssueComment,3,0.009202453987730062
422821402->560750575,source_entity_type,PullRequest,112,0.34355828220858897
422821402->560750575,source_entity_type,Push,211,0.647239263803681
422821402->560750575,target_entity_type,Commit,2,0.006134969325153374
422821402->560750575,target_entity_type,GitHub_GenSer_Other_Links,1,0.003067484662576687
422821402->560750575,target_entity_type,Repo,323,0.99079754601227
449924556->24063576,event_type,IssueCommentEvent,460,1.0
449924556->24063576,source_entity_type,IssueComment,460,1.0
449924556->24063576,target_entity_type,Repo,460,1.0
453068084->323231688,event_type,PullRequestEvent,2,0.01
453068084->323231688,event_type,PullRequestReviewEvent,160,0.8
453068084->323231688,event_type,PushEvent,38,0.19
453068084->323231688,source_entity_type,PullRequest,2,0.01
453068084->323231688,source_entity_type,PullRequestReview,160,0.8
453068084->323231688,source_entity_type,Push,38,0.19
453068084->323231688,target_entity_type,Branch_Tag_GHDir,160,0.8
453068084->323231688,target_entity_type,PullRequest,39,0.195
453068084->323231688,target_entity_type,Repo,1,0.005
462329984->6934395,event_type,IssueCommentEvent,8,0.018018018018018018
462329984->6934395,event_type,IssuesEvent,8,0.018018018018018018
462329984->6934395,event_type,PullRequestEvent,9,0.02027027027027027
462329984->6934395,event_type,PushEvent,419,0.9436936936936937
462329984->6934395,source_entity_type,Issue,8,0.018018018018018018
462329984->6934395,source_entity_type,IssueComment,8,0.018018018018018018
462329984->6934395,source_entity_type,PullRequest,9,0.02027027027027027
462329984->6934395,source_entity_type,Push,419,0.9436936936936937
462329984->6934395,target_entity_type,GitHub_GenSer_Other_Links,5,0.01126126126126126
462329984->6934395,target_entity_type,Issue,94,0.21171171171171171
462329984->6934395,target_entity_type,PullRequest,340,0.7657657657657657
462329984->6934395,target_entity_type,PullRequestReviewComment,5,0.01126126126126126
48833910->41986369,event_type,IssueCommentEvent,24,0.1276595744680851
48833910->41986369,event_type,IssuesEvent,48,0.2553191489361702
48833910->41986369,event_type,PullRequestEvent,75,0.39893617021276595
48833910->41986369,event_type,PullRequestReviewCommentEvent,3,0.015957446808510637
48833910->41986369,event_type,PushEvent,34,0.18085106382978725
48833910->41986369,event_type,ReleaseEvent,4,0.02127659574468085
48833910->41986369,source_entity_type,Issue,48,0.2553191489361702
48833910->41986369,source_entity_type,IssueComment,24,0.1276595744680851
48833910->41986369,source_entity_type,PullRequest,75,0.39893617021276595
48833910->41986369,source_entity_type,PullRequestReviewComment,3,0.015957446808510637
48833910->41986369,source_entity_type,Push,34,0.18085106382978725
48833910->41986369,source_entity_type,Release,4,0.02127659574468085
48833910->41986369,target_entity_type,Branch,3,0.015957446808510637
48833910->41986369,target_entity_type,GitHub_Files_FileChanges,8,0.0425531914893617
48833910->41986369,target_entity_type,GitHub_GenSer_Other_Links,5,0.026595744680851064
48833910->41986369,target_entity_type,Issue,141,0.75
48833910->41986369,target_entity_type,IssueComment,1,0.005319148936170213
48833910->41986369,target_entity_type,PullRequest,30,0.1595744680851064
496817075->192625525,event_type,PullRequestEvent,1,0.002457002457002457
496817075->192625525,event_type,PushEvent,406,0.9975429975429976
496817075->192625525,source_entity_type,PullRequest,1,0.002457002457002457
496817075->192625525,source_entity_type,Push,406,0.9975429975429976
496817075->192625525,target_entity_type,Commit,70,0.171990171990172
496817075->192625525,target_entity_type,GitHub_GenSer_Other_Links,49,0.12039312039312039
496817075->192625525,target_entity_type,Issue,70,0.171990171990172
496817075->192625525,target_entity_type,PullRequest,210,0.515970515970516
496817075->192625525,target_entity_type,Repo,8,0.019656019656019656
496817075->407242578,event_type,PullRequestEvent,1,0.002457002457002457
496817075->407242578,event_type,PushEvent,406,0.9975429975429976
496817075->407242578,source_entity_type,PullRequest,1,0.002457002457002457
496817075->407242578,source_entity_type,Push,406,0.9975429975429976
496817075->407242578,target_entity_type,Commit,35,0.085995085995086
496817075->407242578,target_entity_type,GitHub_GenSer_Other_Links,49,0.12039312039312039
496817075->407242578,target_entity_type,Issue,35,0.085995085995086
496817075->407242578,target_entity_type,PullRequest,280,0.687960687960688
496817075->407242578,target_entity_type,Repo,8,0.019656019656019656
507775->105088940,event_type,IssueCommentEvent,389,0.5771513353115727
507775->105088940,event_type,PullRequestEvent,285,0.4228486646884273
507775->105088940,source_entity_type,IssueComment,389,0.5771513353115727
507775->105088940,source_entity_type,PullRequest,285,0.4228486646884273
507775->105088940,target_entity_type,Repo,674,1.0
50874442->927442,event_type,IssueCommentEvent,3,0.0016348773841961854
50874442->927442,event_type,IssuesEvent,1,0.0005449591280653951
50874442->927442,event_type,PullRequestEvent,16,0.008719346049046322
50874442->927442,event_type,PullRequestReviewCommentEvent,7,0.0038147138964577656
50874442->927442,event_type,PullRequestReviewEvent,2,0.0010899182561307902
50874442->927442,event_type,PushEvent,1806,0.9841961852861035
50874442->927442,source_entity_type,Issue,1,0.0005449591280653951
50874442->927442,source_entity_type,IssueComment,3,0.0016348773841961854
50874442->927442,source_entity_type,PullRequest,16,0.008719346049046322
50874442->927442,source_entity_type,PullRequestReview,2,0.0010899182561307902
50874442->927442,source_entity_type,PullRequestReviewComment,7,0.0038147138964577656
50874442->927442,source_entity_type,Push,1806,0.9841961852861035
50874442->927442,target_entity_type,Commit,1814,0.9885558583106268
50874442->927442,target_entity_type,GitHub_Files_FileChanges,20,0.010899182561307902
50874442->927442,target_entity_type,GitHub_GenSer_Other_Links,1,0.0005449591280653951
5349565->388946490,event_type,IssueCommentEvent,104,0.3525423728813559
5349565->388946490,event_type,IssuesEvent,41,0.13898305084745763
5349565->388946490,event_type,PullRequestEvent,69,0.23389830508474577
5349565->388946490,event_type,PullRequestReviewCommentEvent,20,0.06779661016949153
5349565->388946490,event_type,PushEvent,61,0.20677966101694914
5349565->388946490,source_entity_type,Issue,41,0.13898305084745763
5349565->388946490,source_entity_type,IssueComment,104,0.3525423728813559
5349565->388946490,source_entity_type,PullRequest,69,0.23389830508474577
5349565->388946490,source_entity_type,PullRequestReviewComment,20,0.06779661016949153
5349565->388946490,source_entity_type,Push,61,0.20677966101694914
5349565->388946490,target_entity_type,Commit,3,0.010169491525423728
5349565->388946490,target_entity_type,GitHub_Files_FileChanges,25,0.0847457627118644
5349565->388946490,target_entity_type,GitHub_GenSer_Other_Links,12,0.04067796610169491
5349565->388946490,target_entity_type,Issue,49,0.16610169491525423
5349565->388946490,target_entity_type,IssueComment,1,0.003389830508474576
5349565->388946490,target_entity_type,PullRequest,200,0.6779661016949152
5349565->388946490,target_entity_type,PullRequestReview,1,0.003389830508474576
5349565->388946490,target_entity_type,Repo,4,0.013559322033898305
546206616->602665730,event_type,IssueCommentEvent,36,0.06883365200764818
546206616->602665730,event_type,IssuesEvent,6,0.011472275334608031
546206616->602665730,event_type,PullRequestEvent,181,0.34608030592734224
546206616->602665730,event_type,PullRequestReviewCommentEvent,1,0.0019120458891013384
546206616->602665730,event_type,PullRequestReviewEvent,3,0.0057361376673040155
546206616->602665730,event_type,PushEvent,296,0.5659655831739961
546206616->602665730,source_entity_type,Issue,6,0.011472275334608031
546206616->602665730,source_entity_type,IssueComment,36,0.06883365200764818
546206616->602665730,source_entity_type,PullRequest,181,0.34608030592734224
546206616->602665730,source_entity_type,PullRequestReview,3,0.0057361376673040155
546206616->602665730,source_entity_type,PullRequestReviewComment,1,0.0019120458891013384
546206616->602665730,source_entity_type,Push,296,0.5659655831739961
546206616->602665730,target_entity_type,Commit,2,0.0038240917782026767
546206616->602665730,target_entity_type,GitHub_Files_FileChanges,8,0.015296367112810707
546206616->602665730,target_entity_type,Issue,1,0.0019120458891013384
546206616->602665730,target_entity_type,PullRequest,64,0.12237093690248566
546206616->602665730,target_entity_type,Repo,448,0.8565965583173997
60377070->19257422,event_type,PullRequestEvent,365,1.0
60377070->19257422,source_entity_type,PullRequest,365,1.0
60377070->19257422,target_entity_type,GitHub_GenSer_Other_Links,17,0.04657534246575343
60377070->19257422,target_entity_type,PullRequest,348,0.9534246575342465
60377070->537800,event_type,PullRequestEvent,354,1.0
60377070->537800,source_entity_type,PullRequest,354,1.0
60377070->537800,target_entity_type,GitHub_GenSer_Other_Links,10,0.02824858757062147
60377070->537800,target_entity_type,PullRequest,344,0.9717514124293786
661663226->434708679,event_type,PullRequestEvent,226,1.0
661663226->434708679,source_entity_type,PullRequest,226,1.0
661663226->434708679,target_entity_type,Issue,226,1.0
75425073->3678731,event_type,PullRequestEvent,268,1.0
75425073->3678731,source_entity_type,PullRequest,268,1.0
75425073->3678731,target_entity_type,GitHub_GenSer_Other_Links,21,0.07835820895522388
75425073->3678731,target_entity_type,PullRequest,247,0.9216417910447762
77385607->105088940,event_type,IssueCommentEvent,216,0.5983379501385041
77385607->105088940,event_type,PullRequestEvent,145,0.40166204986149584
77385607->105088940,source_entity_type,IssueComment,216,0.5983379501385041
77385607->105088940,source_entity_type,PullRequest,145,0.40166204986149584
77385607->105088940,target_entity_type,Repo,361,1.0
77385607->1064563,event_type,PullRequestEvent,1,0.0016891891891891893
77385607->1064563,event_type,PushEvent,591,0.9983108108108109
77385607->1064563,source_entity_type,PullRequest,1,0.0016891891891891893
77385607->1064563,source_entity_type,Push,591,0.9983108108108109
77385607->1064563,target_entity_type,GitHub_GenSer_Other_Links,588,0.9932432432432432
77385607->1064563,target_entity_type,Repo,4,0.006756756756756757
77385607->27729926,event_type,PushEvent,250,1.0
77385607->27729926,source_entity_type,Push,250,1.0
77385607->27729926,target_entity_type,GitHub_GenSer_Other_Links,250,1.0
77385607->33816473,event_type,PushEvent,210,1.0
77385607->33816473,source_entity_type,Push,210,1.0
77385607->33816473,target_entity_type,GitHub_Files_FileChanges,105,0.5
77385607->33816473,target_entity_type,GitHub_GenSer_Other_Links,105,0.5
84240850->83502071,event_type,IssueCommentEvent,579,1.0
84240850->83502071,source_entity_type,IssueComment,579,1.0
84240850->83502071,target_entity_type,Repo,579,1.0
9342529->507775,event_type,IssueCommentEvent,2,0.003436426116838488
9342529->507775,event_type,PullRequestEvent,8,0.013745704467353952
9342529->507775,event_type,PullRequestReviewCommentEvent,3,0.005154639175257732
9342529->507775,event_type,PushEvent,569,0.9776632302405498
9342529->507775,source_entity_type,IssueComment,2,0.003436426116838488
9342529->507775,source_entity_type,PullRequest,8,0.013745704467353952
9342529->507775,source_entity_type,PullRequestReviewComment,3,0.005154639175257732
9342529->507775,source_entity_type,Push,569,0.9776632302405498
9342529->507775,target_entity_type,Commit,551,0.9467353951890034
9342529->507775,target_entity_type,Issue,15,0.02577319587628866
9342529->507775,target_entity_type,PullRequest,15,0.02577319587628866
9342529->507775,target_entity_type,PullRequestReviewComment,1,0.001718213058419244
95614931->290227969,event_type,IssueCommentEvent,1575,1.0
95614931->290227969,source_entity_type,IssueComment,1575,1.0
95614931->290227969,target_entity_type,GitHub_Files_FileChanges,1575,1.0
