target_project_id,dimension,category,count,within_object_share
105088940,event_type,IssueCommentEvent,614,0.5825426944971537
105088940,event_type,PullRequestEvent,440,0.4174573055028463
105088940,source_entity_type,IssueComment,614,0.5825426944971537
105088940,source_entity_type,PullRequest,440,0.4174573055028463
105088940,target_entity_type,Repo,1054,1.0
1064563,event_type,IssueCommentEvent,9,0.010356731875719217
1064563,event_type,IssuesEvent,3,0.0034522439585730723
1064563,event_type,PullRequestEvent,71,0.08170310701956271
1064563,event_type,PullRequestReviewCommentEvent,5,0.005753739930955121
1064563,event_type,PullRequestReviewEvent,2,0.0023014959723820483
1064563,event_type,PushEvent,779,0.8964326812428078
1064563,source_entity_type,Issue,3,0.0034522439585730723
1064563,source_entity_type,IssueComment,9,0.010356731875719217
1064563,source_entity_type,PullRequest,71,0.08170310701956271
1064563,source_entity_type,PullRequestReview,2,0.0023014959723820483
1064563,source_entity_type,PullRequestReviewComment,5,0.005753739930955121
1064563,source_entity_type,Push,779,0.8964326812428078
1064563,target_entity_type,Commit,40,0.04602991944764097
1064563,target_entity_type,GitHub_Files_FileChanges,12,0.01380897583429229
1064563,target_entity_type,GitHub_GenSer_Other_Links,650,0.7479861910241657
1064563,target_entity_type,Issue,24,0.02761795166858458
1064563,target_entity_type,IssueComment,1,0.0011507479861910242
1064563,target_entity_type,PullRequest,25,0.028768699654775604
1064563,target_entity_type,Repo,115,0.1323360184119678
1064563,target_entity_type,Tag,2,0.0023014959723820483
125238132,event_type,IssueCommentEvent,1118,1.0
125238132,source_entity_type,IssueComment,1118,1.0
125238132,target_entity_type,Repo,1118,1.0
13258039,event_type,PullRequestEvent,8,0.011764705882352941
13258039,event_type,PushEvent,672,0.9882352941176471
13258039,source_entity_type,PullRequest,8,0.011764705882352941
13258039,source_entity_type,Push,672,0.9882352941176471
13258039,target_entity_type,Commit,100,0.14705882352941177
13258039,target_entity_type,GitHub_Files_FileChanges,14,0.020588235294117647
13258039,target_entity_type,GitHub_GenSer_Other_Links,39,0.057352941176470586
13258039,target_entity_type,Issue,510,0.75
13258039,target_entity_type,Repo,17,0.025
141339868,event_type,IssueCommentEvent,104,0.17218543046357615
141339868,event_type,IssuesEvent,20,0.033112582781456956
141339868,event_type,PullRequestEvent,31,0.05132450331125828
141339868,event_type,PullRequestReviewCommentEvent,7,0.011589403973509934
141339868,event_type,PullRequestReviewEvent,19,0.03145695364238411
141339868,event_type,PushEvent,423,0.7003311258278145
141339868,source_entity_type,Issue,20,0.033112582781456956
141339868,source_entity_type,IssueComment,104,0.17218543046357615
141339868,source_entity_type,PullRequest,31,0.05132450331125828
141339868,source_entity_type,PullRequestReview,19,0.03145695364238411
141339868,source_entity_type,PullRequestReviewComment,7,0.011589403973509934
141339868,source_entity_type,Push,423,0.7003311258278145
141339868,target_entity_type,Branch,1,0.0016556291390728477
141339868,target_entity_type,Commit,2,0.0033112582781456954
141339868,target_entity_type,GitHub_Files_FileChanges,45,0.07450331125827815
141339868,target_entity_type,GitHub_GenSer_Other_Links,1,0.0016556291390728477
141339868,target_entity_type,Issue,280,0.46357615894039733
141339868,target_entity_type,IssueComment,23,0.0380794701986755
141339868,target_entity_type,PullRequest,251,0.4155629139072848
141339868,target_entity_type,Repo,1,0.0016556291390728477
166282681,event_type,IssueCommentEvent,835,0.9988038277511961
166282681,event_type,PullRequestReviewCommentEvent,1,0.0011961722488038277
166282681,source_entity_type,IssueComment,835,0.9988038277511961
166282681,source_entity_type,PullRequestReviewComment,1,0.0011961722488038277
166282681,target_entity_type,GitHub_Files_FileChanges,1,0.0011961722488038277
166282681,target_entity_type,GitHub_GenSer_Other_Links,414,0.49521531100478466
166282681,target_entity_type,Repo,421,0.5035885167464115
168736310,event_type,IssueCommentEvent,2084,0.9572806614607258
168736310,event_type,IssuesEvent,19,0.008727606798346348
168736310,event_type,PullRequestEvent,35,0.01607717041800643
168736310,event_type,PullRequestReviewCommentEvent,35,0.01607717041800643
168736310,event_type,PullRequestReviewEvent,4,0.0018373909049150207
168736310,source_entity_type,Issue,19,0.008727606798346348
168736310,source_entity_type,IssueComment,2084,0.9572806614607258
168736310,source_entity_type,PullRequest,35,0.01607717041800643
168736310,source_entity_type,PullRequestReview,4,0.0018373909049150207
168736310,source_entity_type,PullRequestReviewComment,35,0.01607717041800643
168736310,target_entity_type,Commit,1,0.00045934772622875517
168736310,target_entity_type,GitHub_Files_FileChanges,57,0.026182820395039046
168736310,target_entity_type,GitHub_GenSer_Other_Links,2,0.0009186954524575103
168736310,target_entity_type,Issue,71,0.032613688562241616
168736310,target_entity_type,IssueComment,3,0.0013780431786862655
168736310,target_entity_type,PullRequest,39,0.017914561322921452
168736310,target_entity_type,PullRequestReviewComment,1,0.00045934772622875517
168736310,target_entity_type,Repo,2003,0.9200734956361966
197814629,event_type,IssueCommentEvent,6,0.008670520231213872
197814629,event_type,PullRequestEvent,56,0.08092485549132948
197814629,event_type,PullRequestReviewCommentEvent,2,0.002890173410404624
197814629,event_type,PushEvent,628,0.9075144508670521
197814629,source_entity_type,IssueComment,6,0.008670520231213872
197814629,source_entity_type,PullRequest,56,0.08092485549132948
197814629,source_entity_type,PullRequestReviewComment,2,0.002890173410404624
197814629,source_entity_type,Push,628,0.9075144508670521
197814629,target_entity_type,Commit,30,0.04335260115606936
197814629,target_entity_type,GitHub_Files_FileChanges,114,0.16473988439306358
197814629,target_entity_type,GitHub_GenSer_Other_Links,139,0.20086705202312138
197814629,target_entity_type,Issue,37,0.05346820809248555
197814629,target_entity_type,IssueComment,1,0.001445086705202312
197814629,target_entity_type,PullRequest,203,0.29335260115606937
197814629,target_entity_type,Release,1,0.001445086705202312
197814629,target_entity_type,Repo,167,0.24132947976878613
205564111,event_type,PullRequestEvent,13,0.021311475409836064
205564111,event_type,PushEvent,597,0.978688524590164
205564111,source_entity_type,PullRequest,13,0.021311475409836064
205564111,source_entity_type,Push,597,0.978688524590164
205564111,target_entity_type,Commit,60,0.09836065573770492
205564111,target_entity_type,GitHub_Files_FileChanges,9,0.014754098360655738
205564111,target_entity_type,GitHub_GenSer_Other_Links,9,0.014754098360655738
205564111,target_entity_type,Issue,518,0.8491803278688524
205564111,target_entity_type,Repo,14,0.022950819672131147
225690537,event_type,IssueCommentEvent,795,0.9900373599003736
225690537,event_type,IssuesEvent,5,0.0062266500622665
225690537,event_type,PullRequestEvent,1,0.0012453300124533001
225690537,event_type,PullRequestReviewCommentEvent,1,0.0012453300124533001
225690537,event_type,PullRequestReviewEvent,1,0.0012453300124533001
225690537,source_entity_type,Issue,5,0.0062266500622665
225690537,source_entity_type,IssueComment,795,0.9900373599003736
225690537,source_entity_type,PullRequest,1,0.0012453300124533001
225690537,source_entity_type,PullRequestReview,1,0.0012453300124533001
225690537,source_entity_type,PullRequestReviewComment,1,0.0012453300124533001
225690537,target_entity_type,GitHub_Files_FileChanges,7,0.008717310087173101
225690537,target_entity_type,Issue,1,0.0012453300124533001
225690537,target_entity_type,PullRequest,6,0.007471980074719801
225690537,target_entity_type,Release,1,0.0012453300124533001
225690537,target_entity_type,Repo,788,0.9813200498132005
23357588,event_type,IssueCommentEvent,8,0.014545454545454545
23357588,event_type,IssuesEvent,2,0.0036363636363636364
23357588,event_type,PullRequestEvent,37,0.06727272727272728
23357588,event_type,PullRequestReviewCommentEvent,10,0.01818181818181818
23357588,event_type,PushEvent,493,0.8963636363636364
23357588,source_entity_type,Issue,2,0.0036363636363636364
23357588,source_entity_type,IssueComment,8,0.014545454545454545
23357588,source_entity_type,PullRequest,37,0.06727272727272728
23357588,source_entity_type,PullRequestReviewComment,10,0.01818181818181818
23357588,source_entity_type,Push,493,0.8963636363636364
23357588,target_entity_type,Commit,108,0.19636363636363635
23357588,target_entity_type,GitHub_Files_FileChanges,126,0.2290909090909091
23357588,target_entity_type,GitHub_GenSer_Other_Links,131,0.2381818181818182
23357588,target_entity_type,Issue,64,0.11636363636363636
23357588,target_entity_type,PullRequest,9,0.016363636363636365
23357588,target_entity_type,Release,13,0.023636363636363636
23357588,target_entity_type,Repo,99,0.18
27522271,event_type,IssueCommentEvent,3,0.004694835680751174
27522271,event_type,IssuesEvent,1,0.001564945226917058
27522271,event_type,PullRequestEvent,98,0.15336463223787167
27522271,event_type,PushEvent,537,0.8403755868544601
27522271,source_entity_type,Issue,1,0.001564945226917058
27522271,source_entity_type,IssueComment,3,0.004694835680751174
27522271,source_entity_type,PullRequest,98,0.15336463223787167
27522271,source_entity_type,Push,537,0.8403755868544601
27522271,target_entity_type,Commit,65,0.10172143974960876
27522271,target_entity_type,GitHub_Files_FileChanges,1,0.001564945226917058
27522271,target_entity_type,GitHub_GenSer_Other_Links,239,0.37402190923317685
27522271,target_entity_type,Repo,334,0.5226917057902973
27576132,event_type,IssueCommentEvent,2,0.001949317738791423
27576132,event_type,IssuesEvent,2,0.001949317738791423
27576132,event_type,PullRequestEvent,246,0.23976608187134502
27576132,event_type,PullRequestReviewEvent,3,0.0029239766081871343
27576132,event_type,PushEvent,773,0.753411306042885
27576132,source_entity_type,Issue,2,0.001949317738791423
27576132,source_entity_type,IssueComment,2,0.001949317738791423
27576132,source_entity_type,PullRequest,246,0.23976608187134502
27576132,source_entity_type,PullRequestReview,3,0.0029239766081871343
27576132,source_entity_type,Push,773,0.753411306042885
27576132,target_entity_type,GitHub_Files_FileChanges,21,0.02046783625730994
27576132,target_entity_type,GitHub_GenSer_Other_Links,376,0.3664717348927875
27576132,target_entity_type,Issue,1,0.0009746588693957114
27576132,target_entity_type,IssueComment,2,0.001949317738791423
27576132,target_entity_type,PullRequest,1,0.0009746588693957114
27576132,target_entity_type,Release,2,0.001949317738791423
27576132,target_entity_type,Repo,623,0.6072124756335283
276685482,event_type,IssueCommentEvent,785,1.0
276685482,source_entity_type,IssueComment,785,1.0
276685482,target_entity_type,Branch_Tag_GHDir,1,0.0012738853503184713
276685482,target_entity_type,Repo,784,0.9987261146496815
27729907,event_type,IssueCommentEvent,74,0.1423076923076923
27729907,event_type,IssuesEvent,17,0.032692307692307694
27729907,event_type,PullRequestEvent,94,0.18076923076923077
27729907,event_type,PullRequestReviewCommentEvent,7,0.013461538461538462
27729907,event_type,PushEvent,328,0.6307692307692307
27729907,source_entity_type,Issue,17,0.032692307692307694
27729907,source_entity_type,IssueComment,74,0.1423076923076923
27729907,source_entity_type,PullRequest,94,0.18076923076923077
27729907,source_entity_type,PullRequestReviewComment,7,0.013461538461538462
27729907,source_entity_type,Push,328,0.6307692307692307
27729907,target_entity_type,Branch_Tag_GHDir,1,0.0019230769230769232
27729907,target_entity_type,Commit,52,0.1
27729907,target_entity_type,GitHub_Files_FileChanges,57,0.10961538461538461
27729907,target_entity_type,GitHub_GenSer_Other_Links,85,0.16346153846153846
27729907,target_entity_type,Issue,46,0.08846153846153847
27729907,target_entity_type,IssueComment,5,0.009615384615384616
27729907,target_entity_type,PullRequest,51,0.09807692307692308
27729907,target_entity_type,PullRequestReviewComment,1,0.0019230769230769232
27729907,target_entity_type,Release,60,0.11538461538461539
27729907,target_entity_type,Repo,159,0.3057692307692308
27729907,target_entity_type,Tag,3,0.0057692307692307696
28366058,event_type,IssueCommentEvent,1,0.0016051364365971107
28366058,event_type,IssuesEvent,8,0.012841091492776886
28366058,event_type,PullRequestEvent,5,0.008025682182985553
28366058,event_type,PushEvent,609,0.9775280898876404
28366058,source_entity_type,Issue,8,0.012841091492776886
28366058,source_entity_type,IssueComment,1,0.0016051364365971107
28366058,source_entity_type,PullRequest,5,0.008025682182985553
28366058,source_entity_type,Push,609,0.9775280898876404
28366058,target_entity_type,Commit,220,0.35313001605136435
28366058,target_entity_type,GitHub_GenSer_Other_Links,24,0.038523274478330656
28366058,target_entity_type,Issue,55,0.08828250401284109
28366058,target_entity_type,IssueComment,1,0.0016051364365971107
28366058,target_entity_type,PullRequest,288,0.4622792937399679
28366058,target_entity_type,Repo,35,0.056179775280898875
290227969,event_type,IssueCommentEvent,3430,1.0
290227969,source_entity_type,IssueComment,3430,1.0
290227969,target_entity_type,GitHub_Files_FileChanges,3430,1.0
298565987,event_type,IssueCommentEvent,1,0.0011198208286674132
298565987,event_type,PullRequestEvent,7,0.007838745800671893
298565987,event_type,PushEvent,885,0.9910414333706606
298565987,source_entity_type,IssueComment,1,0.0011198208286674132
298565987,source_entity_type,PullRequest,7,0.007838745800671893
298565987,source_entity_type,Push,885,0.9910414333706606
298565987,target_entity_type,Commit,215,0.24076147816349383
298565987,target_entity_type,GitHub_Files_FileChanges,100,0.11198208286674133
298565987,target_entity_type,GitHub_GenSer_Other_Links,182,0.2038073908174692
298565987,target_entity_type,Issue,104,0.11646136618141098
298565987,target_entity_type,PullRequest,184,0.20604703247480402
298565987,target_entity_type,Repo,108,0.12094064949608063
306769011,event_type,PullRequestEvent,2,0.0025575447570332483
306769011,event_type,PushEvent,780,0.9974424552429667
306769011,source_entity_type,PullRequest,2,0.0025575447570332483
306769011,source_entity_type,Push,780,0.9974424552429667
306769011,target_entity_type,Commit,100,0.1278772378516624
306769011,target_entity_type,GitHub_Files_FileChanges,146,0.1867007672634271
306769011,target_entity_type,GitHub_GenSer_Other_Links,106,0.13554987212276215
306769011,target_entity_type,Issue,278,0.3554987212276215
306769011,target_entity_type,PullRequest,114,0.14578005115089515
306769011,target_entity_type,Repo,38,0.04859335038363171
31315121,event_type,PullRequestEvent,78,0.0914419695193435
31315121,event_type,PullRequestReviewCommentEvent,1,0.0011723329425556857
31315121,event_type,PushEvent,774,0.9073856975381008
31315121,source_entity_type,PullRequest,78,0.0914419695193435
31315121,source_entity_type,PullRequestReviewComment,1,0.0011723329425556857
31315121,source_entity_type,Push,774,0.9073856975381008
31315121,target_entity_type,GitHub_Files_FileChanges,259,0.30363423212192264
31315121,target_entity_type,GitHub_GenSer_Other_Links,258,0.30246189917936694
31315121,target_entity_type,IssueComment,1,0.0011723329425556857
31315121,target_entity_type,Repo,335,0.39273153575615477
323830219,event_type,IssueCommentEvent,2001,0.99900149775337
323830219,event_type,IssuesEvent,1,0.0004992511233150275
323830219,event_type,PullRequestReviewCommentEvent,1,0.0004992511233150275
323830219,source_entity_type,Issue,1,0.0004992511233150275
323830219,source_entity_type,IssueComment,2001,0.99900149775337
323830219,source_entity_type,PullRequestReviewComment,1,0.0004992511233150275
323830219,target_entity_type,GitHub_Files_FileChanges,1,0.0004992511233150275
323830219,target_entity_type,Issue,1,0.0004992511233150275
323830219,target_entity_type,Repo,2001,0.99900149775337
354080507,event_type,IssueCommentEvent,1998,0.999
354080507,event_type,IssuesEvent,1,0.0005
354080507,event_type,PullRequestEvent,1,0.0005
354080507,source_entity_type,Issue,1,0.0005
354080507,source_entity_type,IssueComment,1998,0.999
354080507,source_entity_type,PullRequest,1,0.0005
354080507,target_entity_type,Issue,2,0.001
354080507,target_entity_type,Repo,1998,0.999
354090893,event_type,IssueCommentEvent,2014,0.9858051884483603
354090893,event_type,IssuesEvent,20,0.00978952520802741
354090893,event_type,PullRequestEvent,5,0.0024473813020068525
354090893,event_type,PullRequestReviewCommentEvent,4,0.0019579050416054823
354090893,source_entity_type,Issue,20,0.00978952520802741
354090893,source_entity_type,IssueComment,2014,0.9858051884483603
354090893,source_entity_type,PullRequest,5,0.0024473813020068525
354090893,source_entity_type,PullRequestReviewComment,4,0.0019579050416054823
354090893,target_entity_type,Branch_Tag_GHDir,3,0.0014684287812041115
354090893,target_entity_type,GitHub_Files_FileChanges,14,0.006852667645619187
354090893,target_entity_type,GitHub_GenSer_Other_Links,3,0.0014684287812041115
354090893,target_entity_type,Issue,11,0.0053842388644150755
354090893,target_entity_type,IssueComment,6,0.002936857562408223
354090893,target_entity_type,PullRequest,8,0.003915810083210965
354090893,target_entity_type,Repo,1998,0.9779735682819384
354094562,event_type,IssueCommentEvent,2006,0.9995017438963627
354094562,event_type,IssuesEvent,1,0.0004982561036372695
354094562,source_entity_type,Issue,1,0.0004982561036372695
354094562,source_entity_type,IssueComment,2006,0.9995017438963627
354094562,target_entity_type,GitHub_Files_FileChanges,1,0.0004982561036372695
354094562,target_entity_type,Issue,2,0.000996512207274539
354094562,target_entity_type,PullRequest,2,0.000996512207274539
354094562,target_entity_type,Repo,2002,0.9975087194818136
354123935,event_type,IssueCommentEvent,1996,0.9984992496248124
354123935,event_type,IssuesEvent,3,0.0015007503751875938
354123935,source_entity_type,Issue,3,0.0015007503751875938
354123935,source_entity_type,IssueComment,1996,0.9984992496248124
354123935,target_entity_type,GitHub_Files_FileChanges,2,0.0010005002501250625
354123935,target_entity_type,Issue,1,0.0005002501250625312
354123935,target_entity_type,Repo,1996,0.9984992496248124
354125784,event_type,IssueCommentEvent,2005,0.9995014955134596
354125784,event_type,PullRequestEvent,1,0.0004985044865403788
354125784,source_entity_type,IssueComment,2005,0.9995014955134596
354125784,source_entity_type,PullRequest,1,0.0004985044865403788
354125784,target_entity_type,Branch_Tag_GHDir,1,0.0004985044865403788
354125784,target_entity_type,GitHub_Files_FileChanges,2,0.0009970089730807576
354125784,target_entity_type,PullRequest,2,0.0009970089730807576
354125784,target_entity_type,Repo,2001,0.9975074775672981
354126484,event_type,IssueCommentEvent,2006,0.999003984063745
354126484,event_type,IssuesEvent,2,0.00099601593625498
354126484,source_entity_type,Issue,2,0.00099601593625498
354126484,source_entity_type,IssueComment,2006,0.999003984063745
354126484,target_entity_type,GitHub_GenSer_Other_Links,1,0.00049800796812749
354126484,target_entity_type,Issue,2,0.00099601593625498
354126484,target_entity_type,PullRequest,1,0.00049800796812749
354126484,target_entity_type,Repo,2004,0.99800796812749
354129853,event_type,IssueCommentEvent,2008,0.9955379276152702
354129853,event_type,IssuesEvent,8,0.0039662865642042635
354129853,event_type,PullRequestEvent,1,0.0004957858205255329
354129853,source_entity_type,Issue,8,0.0039662865642042635
354129853,source_entity_type,IssueComment,2008,0.9955379276152702
354129853,source_entity_type,PullRequest,1,0.0004957858205255329
354129853,target_entity_type,GitHub_Files_FileChanges,3,0.001487357461576599
354129853,target_entity_type,GitHub_GenSer_Other_Links,2,0.0009915716410510659
354129853,target_entity_type,Issue,5,0.002478929102627665
354129853,target_entity_type,PullRequest,6,0.002974714923153198
354129853,target_entity_type,Repo,2001,0.9920674268715914
354136133,event_type,IssueCommentEvent,2004,0.9995012468827931
354136133,event_type,IssuesEvent,1,0.0004987531172069825
354136133,source_entity_type,Issue,1,0.0004987531172069825
354136133,source_entity_type,IssueComment,2004,0.9995012468827931
354136133,target_entity_type,Issue,1,0.0004987531172069825
354136133,target_entity_type,PullRequest,2,0.000997506234413965
354136133,target_entity_type,Repo,2002,0.9985037406483791
355015152,event_type,IssueCommentEvent,2000,0.998003992015968
355015152,event_type,IssuesEvent,3,0.0014970059880239522
355015152,event_type,PullRequestReviewCommentEvent,1,0.000499001996007984
355015152,source_entity_type,Issue,3,0.0014970059880239522
355015152,source_entity_type,IssueComment,2000,0.998003992015968
355015152,source_entity_type,PullRequestReviewComment,1,0.000499001996007984
355015152,target_entity_type,GitHub_Files_FileChanges,5,0.00249500998003992
355015152,target_entity_type,Issue,2,0.000998003992015968
355015152,target_entity_type,PullRequest,1,0.000499001996007984
355015152,target_entity_type,Repo,1996,0.9960079840319361
355027797,event_type,IssueCommentEvent,1996,0.99949924887331
355027797,event_type,IssuesEvent,1,0.000500751126690035
355027797,source_entity_type,Issue,1,0.000500751126690035
355027797,source_entity_type,IssueComment,1996,0.99949924887331
355027797,target_entity_type,Issue,1,0.000500751126690035
355027797,target_entity_type,PullRequest,1,0.000500751126690035
355027797,target_entity_type,Repo,1995,0.99899849774662
355030559,event_type,IssueCommentEvent,2006,0.9985067197610752
355030559,event_type,IssuesEvent,1,0.0004977600796416127
355030559,event_type,PullRequestEvent,1,0.0004977600796416127
355030559,event_type,PullRequestReviewCommentEvent,1,0.0004977600796416127
355030559,source_entity_type,Issue,1,0.0004977600796416127
355030559,source_entity_type,IssueComment,2006,0.9985067197610752
355030559,source_entity_type,PullRequest,1,0.0004977600796416127
355030559,source_entity_type,PullRequestReviewComment,1,0.0004977600796416127
355030559,target_entity_type,GitHub_GenSer_Other_Links,1,0.0004977600796416127
355030559,target_entity_type,Issue,1,0.0004977600796416127
355030559,target_entity_type,IssueComment,1,0.0004977600796416127
355030559,target_entity_type,PullRequest,6,0.0029865604778496766
355030559,target_entity_type,Repo,2000,0.9955201592832255
355032495,event_type,IssueCommentEvent,1998,0.996011964107677
355032495,event_type,IssuesEvent,8,0.003988035892323031
355032495,source_entity_type,Issue,8,0.003988035892323031
355032495,source_entity_type,IssueComment,1998,0.996011964107677
355032495,target_entity_type,GitHub_Files_FileChanges,4,0.0019940179461615153
355032495,target_entity_type,Issue,10,0.004985044865403789
355032495,target_entity_type,IssueComment,1,0.0004985044865403788
355032495,target_entity_type,PullRequest,2,0.0009970089730807576
355032495,target_entity_type,Repo,1989,0.9915254237288136
355033263,event_type,IssueCommentEvent,2001,0.9995004995004995
355033263,event_type,IssuesEvent,1,0.0004995004995004995
355033263,source_entity_type,Issue,1,0.0004995004995004995
355033263,source_entity_type,IssueComment,2001,0.9995004995004995
355033263,target_entity_type,Commit,1,0.0004995004995004995
355033263,target_entity_type,Issue,2,0.000999000999000999
355033263,target_entity_type,Repo,1999,0.9985014985014985
355035157,event_type,IssueCommentEvent,2007,0.9990044798407167
355035157,event_type,IssuesEvent,2,0.0009955201592832255
355035157,source_entity_type,Issue,2,0.0009955201592832255
355035157,source_entity_type,IssueComment,2007,0.9990044798407167
355035157,target_entity_type,GitHub_GenSer_Other_Links,1,0.0004977600796416127
355035157,target_entity_type,Issue,1,0.0004977600796416127
355035157,target_entity_type,IssueComment,1,0.0004977600796416127
355035157,target_entity_type,PullRequest,1,0.0004977600796416127
355035157,target_entity_type,Repo,2005,0.9980089596814335
358917250,event_type,IssueCommentEvent,184,0.2534435261707989
358917250,event_type,IssuesEvent,38,0.05234159779614325
358917250,event_type,PullRequestEvent,175,0.24104683195592286
358917250,event_type,PullRequestReviewCommentEvent,77,0.10606060606060606
358917250,event_type,PullRequestReviewEvent,9,0.012396694214876033
358917250,event_type,PushEvent,243,0.3347107438016529
358917250,source_entity_type,Issue,38,0.05234159779614325
358917250,source_entity_type,IssueComment,184,0.2534435261707989
358917250,source_entity_type,PullRequest,175,0.24104683195592286
358917250,source_entity_type,PullRequestReview,9,0.012396694214876033
358917250,source_entity_type,PullRequestReviewComment,77,0.10606060606060606
358917250,source_entity_type,Push,243,0.3347107438016529
358917250,target_entity_type,Commit,1,0.0013774104683195593
358917250,target_entity_type,GitHub_Files_FileChanges,177,0.24380165289256198
358917250,target_entity_type,GitHub_GenSer_Other_Links,61,0.08402203856749312
358917250,target_entity_type,Issue,119,0.16391184573002754
358917250,target_entity_type,IssueComment,16,0.02203856749311295
358917250,target_entity_type,PullRequest,123,0.16942148760330578
358917250,target_entity_type,PullRequestReviewComment,1,0.0013774104683195593
358917250,target_entity_type,Repo,228,0.3140495867768595
383875967,event_type,IssueCommentEvent,2007,0.9965243296921549
383875967,event_type,IssuesEvent,2,0.0009930486593843098
383875967,event_type,PullRequestEvent,2,0.0009930486593843098
383875967,event_type,PushEvent,3,0.0014895729890764648
383875967,source_entity_type,Issue,2,0.0009930486593843098
383875967,source_entity_type,IssueComment,2007,0.9965243296921549
383875967,source_entity_type,PullRequest,2,0.0009930486593843098
383875967,source_entity_type,Push,3,0.0014895729890764648
383875967,target_entity_type,GitHub_Files_FileChanges,5,0.0024826216484607746
383875967,target_entity_type,Issue,8,0.003972194637537239
383875967,target_entity_type,Repo,2001,0.993545183714002
4524181,event_type,IssueCommentEvent,11,0.018211920529801324
4524181,event_type,IssuesEvent,2,0.0033112582781456954
4524181,event_type,PullRequestEvent,7,0.011589403973509934
4524181,event_type,PullRequestReviewCommentEvent,14,0.023178807947019868
4524181,event_type,PushEvent,570,0.9437086092715232
4524181,source_entity_type,Issue,2,0.0033112582781456954
4524181,source_entity_type,IssueComment,11,0.018211920529801324
4524181,source_entity_type,PullRequest,7,0.011589403973509934
4524181,source_entity_type,PullRequestReviewComment,14,0.023178807947019868
4524181,source_entity_type,Push,570,0.9437086092715232
4524181,target_entity_type,Commit,562,0.9304635761589404
4524181,target_entity_type,GitHub_Files_FileChanges,30,0.04966887417218543
4524181,target_entity_type,Issue,2,0.0033112582781456954
4524181,target_entity_type,PullRequest,9,0.014900662251655629
4524181,target_entity_type,Repo,1,0.0016556291390728477
457577836,event_type,IssueCommentEvent,1428,0.9979035639412998
457577836,event_type,IssuesEvent,3,0.0020964360587002098
457577836,source_entity_type,Issue,3,0.0020964360587002098
457577836,source_entity_type,IssueComment,1428,0.9979035639412998
457577836,target_entity_type,GitHub_GenSer_Other_Links,1,0.0006988120195667365
457577836,target_entity_type,Issue,1,0.0006988120195667365
457577836,target_entity_type,Repo,1429,0.9986023759608665
490557661,event_type,IssueCommentEvent,2003,0.999002493765586
490557661,event_type,IssuesEvent,1,0.0004987531172069825
490557661,event_type,PullRequestEvent,1,0.0004987531172069825
490557661,source_entity_type,Issue,1,0.0004987531172069825
490557661,source_entity_type,IssueComment,2003,0.999002493765586
490557661,source_entity_type,PullRequest,1,0.0004987531172069825
490557661,target_entity_type,GitHub_GenSer_Other_Links,1,0.0004987531172069825
490557661,target_entity_type,Issue,2,0.000997506234413965
490557661,target_entity_type,PullRequest,2,0.000997506234413965
490557661,target_entity_type,Repo,2000,0.9975062344139651
507775,event_type,CommitCommentEvent,5,0.00015062509414068384
507775,event_type,IssueCommentEvent,5186,0.15622834764271729
507775,event_type,IssuesEvent,988,0.029763518602199127
507775,event_type,PullRequestEvent,7100,0.21388763367977104
507775,event_type,PullRequestReviewCommentEvent,1632,0.0491640307275192
507775,event_type,PullRequestReviewEvent,254,0.007651754782346739
507775,event_type,PushEvent,18030,0.543154089471306
507775,source_entity_type,CommitComment,5,0.00015062509414068384
507775,source_entity_type,Issue,988,0.029763518602199127
507775,source_entity_type,IssueComment,5186,0.15622834764271729
507775,source_entity_type,PullRequest,7100,0.21388763367977104
507775,source_entity_type,PullRequestReview,254,0.007651754782346739
507775,source_entity_type,PullRequestReviewComment,1632,0.0491640307275192
507775,source_entity_type,Push,18030,0.543154089471306
507775,target_entity_type,Branch,2,6.0250037656273533e-05
507775,target_entity_type,Branch_Tag_GHDir,21,0.0006326253953908721
507775,target_entity_type,Commit,2084,0.06278053923783702
507775,target_entity_type,GitHub_Files_FileChanges,1781,0.05365265853291158
507775,target_entity_type,GitHub_GenSer_Other_Links,351,0.010573881608676006
507775,target_entity_type,Issue,5569,0.16776622985389367
507775,target_entity_type,IssueComment,205,0.006175628859768037
507775,target_entity_type,PullRequest,22940,0.6910679319174574
507775,target_entity_type,PullRequestReview,14,0.00042175026359391474
507775,target_entity_type,PullRequestReviewComment,200,0.006025003765627353
507775,target_entity_type,Repo,28,0.0008435005271878295
540262346,event_type,IssueCommentEvent,2004,0.9960238568588469
540262346,event_type,IssuesEvent,5,0.002485089463220676
540262346,event_type,PullRequestEvent,2,0.0009940357852882703
540262346,event_type,PullRequestReviewCommentEvent,1,0.0004970178926441351
540262346,source_entity_type,Issue,5,0.002485089463220676
540262346,source_entity_type,IssueComment,2004,0.9960238568588469
540262346,source_entity_type,PullRequest,2,0.0009940357852882703
540262346,source_entity_type,PullRequestReviewComment,1,0.0004970178926441351
540262346,target_entity_type,GitHub_GenSer_Other_Links,2,0.0009940357852882703
540262346,target_entity_type,Issue,10,0.004970178926441352
540262346,target_entity_type,PullRequest,1,0.0004970178926441351
540262346,target_entity_type,Repo,1999,0.9935387673956262
602665730,event_type,IssueCommentEvent,36,0.06883365200764818
602665730,event_type,IssuesEvent,6,0.011472275334608031
602665730,event_type,PullRequestEvent,181,0.34608030592734224
602665730,event_type,PullRequestReviewCommentEvent,1,0.0019120458891013384
602665730,event_type,PullRequestReviewEvent,3,0.0057361376673040155
602665730,event_type,PushEvent,296,0.5659655831739961
602665730,source_entity_type,Issue,6,0.011472275334608031
602665730,source_entity_type,IssueComment,36,0.06883365200764818
602665730,source_entity_type,PullRequest,181,0.34608030592734224
602665730,source_entity_type,PullRequestReview,3,0.0057361376673040155
602665730,source_entity_type,PullRequestReviewComment,1,0.0019120458891013384
602665730,source_entity_type,Push,296,0.5659655831739961
602665730,target_entity_type,Commit,2,0.0038240917782026767
602665730,target_entity_type,GitHub_Files_FileChanges,8,0.015296367112810707
602665730,target_entity_type,Issue,1,0.0019120458891013384
602665730,target_entity_type,PullRequest,64,0.12237093690248566
602665730,target_entity_type,Repo,448,0.8565965583173997
6207167,event_type,IssueCommentEvent,4,0.0036036036036036037
6207167,event_type,PullRequestEvent,74,0.06666666666666667
6207167,event_type,PullRequestReviewCommentEvent,1,0.0009009009009009009
6207167,event_type,PushEvent,1031,0.9288288288288288
6207167,source_entity_type,IssueComment,4,0.0036036036036036037
6207167,source_entity_type,PullRequest,74,0.06666666666666667
6207167,source_entity_type,PullRequestReviewComment,1,0.0009009009009009009
6207167,source_entity_type,Push,1031,0.9288288288288288
6207167,target_entity_type,Commit,80,0.07207207207207207
6207167,target_entity_type,GitHub_Files_FileChanges,2,0.0018018018018018018
6207167,target_entity_type,GitHub_GenSer_Other_Links,149,0.13423423423423422
6207167,target_entity_type,Issue,394,0.35495495495495494
6207167,target_entity_type,PullRequest,342,0.3081081081081081
6207167,target_entity_type,Release,22,0.01981981981981982
6207167,target_entity_type,Repo,121,0.109009009009009
67836789,event_type,IssueCommentEvent,4,0.0058823529411764705
67836789,event_type,IssuesEvent,3,0.004411764705882353
67836789,event_type,PullRequestEvent,305,0.4485294117647059
67836789,event_type,PullRequestReviewCommentEvent,3,0.004411764705882353
67836789,event_type,PushEvent,365,0.5367647058823529
67836789,source_entity_type,Issue,3,0.004411764705882353
67836789,source_entity_type,IssueComment,4,0.0058823529411764705
67836789,source_entity_type,PullRequest,305,0.4485294117647059
67836789,source_entity_type,PullRequestReviewComment,3,0.004411764705882353
67836789,source_entity_type,Push,365,0.5367647058823529
67836789,target_entity_type,GitHub_Files_FileChanges,3,0.004411764705882353
67836789,target_entity_type,GitHub_GenSer_Other_Links,161,0.23676470588235293
67836789,target_entity_type,Issue,256,0.3764705882352941
67836789,target_entity_type,IssueComment,1,0.0014705882352941176
67836789,target_entity_type,PullRequest,4,0.0058823529411764705
67836789,target_entity_type,Release,1,0.0014705882352941176
67836789,target_entity_type,Repo,254,0.3735294117647059
688586835,event_type,IssueCommentEvent,855,0.9965034965034965
688586835,event_type,PullRequestEvent,1,0.0011655011655011655
688586835,event_type,PushEvent,2,0.002331002331002331
688586835,source_entity_type,IssueComment,855,0.9965034965034965
688586835,source_entity_type,PullRequest,1,0.0011655011655011655
688586835,source_entity_type,Push,2,0.002331002331002331
688586835,target_entity_type,Repo,858,1.0
6934395,event_type,IssueCommentEvent,409,0.10729275970619098
6934395,event_type,IssuesEvent,235,0.061647429171038826
6934395,event_type,PullRequestEvent,306,0.08027282266526757
6934395,event_type,PullRequestReviewCommentEvent,120,0.03147953830010493
6934395,event_type,PullRequestReviewEvent,51,0.013378803777544596
6934395,event_type,PushEvent,2654,0.6962224554039874
6934395,event_type,ReleaseEvent,37,0.009706190975865687
6934395,source_entity_type,Issue,235,0.061647429171038826
6934395,source_entity_type,IssueComment,409,0.10729275970619098
6934395,source_entity_type,PullRequest,306,0.08027282266526757
6934395,source_entity_type,PullRequestReview,51,0.013378803777544596
6934395,source_entity_type,PullRequestReviewComment,120,0.03147953830010493
6934395,source_entity_type,Push,2654,0.6962224554039874
6934395,source_entity_type,Release,37,0.009706190975865687
6934395,target_entity_type,Branch,2,0.0005246589716684155
6934395,target_entity_type,Branch_Tag_GHDir,6,0.0015739769150052466
6934395,target_entity_type,Commit,187,0.049055613850996854
6934395,target_entity_type,GitHub_Files_FileChanges,354,0.09286463798530954
6934395,target_entity_type,GitHub_GenSer_Other_Links,67,0.01757607555089192
6934395,target_entity_type,Gollum,67,0.01757607555089192
6934395,target_entity_type,Issue,548,0.14375655823714587
6934395,target_entity_type,IssueComment,19,0.004984260230849948
6934395,target_entity_type,PullRequest,2507,0.6576600209863589
6934395,target_entity_type,PullRequestReview,3,0.0007869884575026233
6934395,target_entity_type,PullRequestReviewComment,33,0.008656873032528857
6934395,target_entity_type,Release,12,0.0031479538300104933
6934395,target_entity_type,Repo,5,0.0013116474291710388
6934395,target_entity_type,Tag,2,0.0005246589716684155
71133469,event_type,PullRequestEvent,3,0.001284796573875803
71133469,event_type,PullRequestReviewCommentEvent,2304,0.9867237687366167
71133469,event_type,PushEvent,28,0.011991434689507495
71133469,source_entity_type,PullRequest,3,0.001284796573875803
71133469,source_entity_type,PullRequestReviewComment,2304,0.9867237687366167
71133469,source_entity_type,Push,28,0.011991434689507495
71133469,target_entity_type,Repo,2335,1.0
83502071,event_type,IssueCommentEvent,579,1.0
83502071,source_entity_type,IssueComment,579,1.0
83502071,target_entity_type,Repo,579,1.0
927442,event_type,IssueCommentEvent,81,0.03294021960146401
927442,event_type,IssuesEvent,23,0.009353395689304595
927442,event_type,PullRequestEvent,52,0.0211468076453843
927442,event_type,PullRequestReviewCommentEvent,54,0.021960146400976006
927442,event_type,PullRequestReviewEvent,27,0.010980073200488003
927442,event_type,PushEvent,2222,0.9036193574623831
927442,source_entity_type,Issue,23,0.009353395689304595
927442,source_entity_type,IssueComment,81,0.03294021960146401
927442,source_entity_type,PullRequest,52,0.0211468076453843
927442,source_entity_type,PullRequestReview,27,0.010980073200488003
927442,source_entity_type,PullRequestReviewComment,54,0.021960146400976006
927442,source_entity_type,Push,2222,0.9036193574623831
927442,target_entity_type,Branch_Tag_GHDir,6,0.0024400162667751117
927442,target_entity_type,Commit,2211,0.8991459943066287
927442,target_entity_type,GitHub_Files_FileChanges,224,0.09109394062627084
927442,target_entity_type,GitHub_GenSer_Other_Links,4,0.0016266775111834079
927442,target_entity_type,PullRequest,14,0.0056933712891419274
