source_project_id,dimension,category,count,within_object_share
11008207,event_type,IssueCommentEvent,2475,0.09648370497427101
11008207,event_type,IssuesEvent,502,0.019569624200842038
11008207,event_type,PullRequestEvent,2485,0.09687353812568221
11008207,event_type,PullRequestReviewCommentEvent,329,0.012825510681428348
11008207,event_type,PullRequestReviewEvent,80,0.003118665211289568
11008207,event_type,PushEvent,19457,0.7584983627007641
11008207,event_type,ReleaseEvent,324,0.01263059410572275
11008207,source_entity_type,Issue,502,0.019569624200842038
11008207,source_entity_type,IssueComment,2475,0.09648370497427101
11008207,source_entity_type,PullRequest,2485,0.09687353812568221
11008207,source_entity_type,PullRequestReview,80,0.003118665211289568
11008207,source_entity_type,PullRequestReviewComment,329,0.012825510681428348
11008207,source_entity_type,Push,19457,0.7584983627007641
11008207,source_entity_type,Release,324,0.01263059410572275
11225014,event_type,IssueCommentEvent,2122,0.2991681939940787
11225014,event_type,IssuesEvent,791,0.11151839842097842
11225014,event_type,PullRequestEvent,1941,0.2736500775412378
11225014,event_type,PullRequestReviewCommentEvent,428,0.06034118144649655
11225014,event_type,PullRequestReviewEvent,88,0.01240659805441985
11225014,event_type,PushEvent,1687,0.23784012406598054
11225014,event_type,ReleaseEvent,36,0.005075426476808121
11225014,source_entity_type,Issue,791,0.11151839842097842
11225014,source_entity_type,IssueComment,2122,0.2991681939940787
11225014,source_entity_type,PullRequest,1941,0.2736500775412378
11225014,source_entity_type,PullRequestReview,88,0.01240659805441985
11225014,source_entity_type,PullRequestReviewComment,428,0.06034118144649655
11225014,source_entity_type,Push,1687,0.23784012406598054
11225014,source_entity_type,Release,36,0.005075426476808121
114619105,event_type,CommitCommentEvent,1,0.00011717834544176236
114619105,event_type,IssueCommentEvent,594,0.06960393719240685
114619105,event_type,IssuesEvent,308,0.03609093039606281
114619105,event_type,PullRequestEvent,909,0.106515116006562
114619105,event_type,PullRequestReviewCommentEvent,182,0.02132645887040075
114619105,event_type,PullRequestReviewEvent,16,0.0018748535270681978
114619105,event_type,PushEvent,6524,0.7644715256620577
114619105,source_entity_type,CommitComment,1,0.00011717834544176236
114619105,source_entity_type,Issue,308,0.03609093039606281
114619105,source_entity_type,IssueComment,594,0.06960393719240685
114619105,source_entity_type,PullRequest,909,0.106515116006562
114619105,source_entity_type,PullRequestReview,16,0.0018748535270681978
114619105,source_entity_type,PullRequestReviewComment,182,0.02132645887040075
114619105,source_entity_type,Push,6524,0.7644715256620577
11695619,event_type,IssueCommentEvent,241,0.11492608488316643
11695619,event_type,IssuesEvent,50,0.023843586075345733
11695619,event_type,PullRequestEvent,293,0.139723414401526
11695619,event_type,PullRequestReviewCommentEvent,11,0.005245588936576061
11695619,event_type,PullRequestReviewEvent,9,0.004291845493562232
11695619,event_type,PushEvent,1491,0.7110157367668097
11695619,event_type,ReleaseEvent,2,0.0009537434430138292
11695619,source_entity_type,Issue,50,0.023843586075345733
11695619,source_entity_type,IssueComment,241,0.11492608488316643
11695619,source_entity_type,PullRequest,293,0.139723414401526
11695619,source_entity_type,PullRequestReview,9,0.004291845493562232
11695619,source_entity_type,PullRequestReviewComment,11,0.005245588936576061
11695619,source_entity_type,Push,1491,0.7110157367668097
11695619,source_entity_type,Release,2,0.0009537434430138292
130688011,event_type,IssueCommentEvent,2426,0.22431807674526122
130688011,event_type,IssuesEvent,329,0.030420711974110032
130688011,event_type,PullRequestEvent,271,0.025057790106333796
130688011,event_type,PullRequestReviewCommentEvent,27,0.0024965325936199723
130688011,event_type,PullRequestReviewEvent,12,0.0011095700416088765
130688011,event_type,PushEvent,7063,0.6530744336569579
130688011,event_type,ReleaseEvent,687,0.06352288488210818
130688011,source_entity_type,Issue,329,0.030420711974110032
130688011,source_entity_type,IssueComment,2426,0.22431807674526122
130688011,source_entity_type,PullRequest,271,0.025057790106333796
130688011,source_entity_type,PullRequestReview,12,0.0011095700416088765
130688011,source_entity_type,PullRequestReviewComment,27,0.0024965325936199723
130688011,source_entity_type,Push,7063,0.6530744336569579
130688011,source_entity_type,Release,687,0.06352288488210818
138754790,event_type,CommitCommentEvent,8,0.0011851851851851852
138754790,event_type,IssueCommentEvent,1362,0.20177777777777778
138754790,event_type,IssuesEvent,474,0.07022222222222223
138754790,event_type,PullRequestEvent,1172,0.17362962962962963
138754790,event_type,PullRequestReviewCommentEvent,86,0.01274074074074074
138754790,event_type,PullRequestReviewEvent,51,0.007555555555555556
138754790,event_type,PushEvent,2445,0.3622222222222222
138754790,event_type,ReleaseEvent,1152,0.17066666666666666
138754790,source_entity_type,CommitComment,8,0.0011851851851851852
138754790,source_entity_type,Issue,474,0.07022222222222223
138754790,source_entity_type,IssueComment,1362,0.20177777777777778
138754790,source_entity_type,PullRequest,1172,0.17362962962962963
138754790,source_entity_type,PullRequestReview,51,0.007555555555555556
138754790,source_entity_type,PullRequestReviewComment,86,0.01274074074074074
138754790,source_entity_type,Push,2445,0.3622222222222222
138754790,source_entity_type,Release,1152,0.17066666666666666
148087762,event_type,IssueCommentEvent,82,0.020945083014048533
148087762,event_type,IssuesEvent,12,0.0030651340996168583
148087762,event_type,PullRequestEvent,78,0.01992337164750958
148087762,event_type,PullRequestReviewCommentEvent,19,0.004853128991060026
148087762,event_type,PullRequestReviewEvent,6,0.0015325670498084292
148087762,event_type,PushEvent,3464,0.884802043422733
148087762,event_type,ReleaseEvent,254,0.0648786717752235
148087762,source_entity_type,Issue,12,0.0030651340996168583
148087762,source_entity_type,IssueComment,82,0.020945083014048533
148087762,source_entity_type,PullRequest,78,0.01992337164750958
148087762,source_entity_type,PullRequestReview,6,0.0015325670498084292
148087762,source_entity_type,PullRequestReviewComment,19,0.004853128991060026
148087762,source_entity_type,Push,3464,0.884802043422733
148087762,source_entity_type,Release,254,0.0648786717752235
150954997,event_type,CommitCommentEvent,6,0.00042884711600314486
150954997,event_type,IssueCommentEvent,1645,0.11757558430419555
150954997,event_type,IssuesEvent,588,0.042027017368308196
150954997,event_type,PullRequestEvent,523,0.03738117361160746
150954997,event_type,PullRequestReviewCommentEvent,108,0.007719248088056608
150954997,event_type,PullRequestReviewEvent,14,0.0010006432706740048
150954997,event_type,PushEvent,10217,0.7302551640340219
150954997,event_type,ReleaseEvent,890,0.06361232220713316
150954997,source_entity_type,CommitComment,6,0.00042884711600314486
150954997,source_entity_type,Issue,588,0.042027017368308196
150954997,source_entity_type,IssueComment,1645,0.11757558430419555
150954997,source_entity_type,PullRequest,523,0.03738117361160746
150954997,source_entity_type,PullRequestReview,14,0.0010006432706740048
150954997,source_entity_type,PullRequestReviewComment,108,0.007719248088056608
150954997,source_entity_type,Push,10217,0.7302551640340219
150954997,source_entity_type,Release,890,0.06361232220713316
16563587,event_type,IssueCommentEvent,93099,0.23951314763790163
16563587,event_type,IssuesEvent,74575,0.19185698004378687
16563587,event_type,PullRequestEvent,13438,0.03457156014520158
16563587,event_type,PullRequestReviewCommentEvent,290,0.000746074746398903
16563587,event_type,PullRequestReviewEvent,20200,0.051967965093992555
16563587,event_type,PushEvent,187099,0.4813442723327185
16563587,source_entity_type,Issue,74575,0.19185698004378687
16563587,source_entity_type,IssueComment,93099,0.23951314763790163
16563587,source_entity_type,PullRequest,13438,0.03457156014520158
16563587,source_entity_type,PullRequestReview,20200,0.051967965093992555
16563587,source_entity_type,PullRequestReviewComment,290,0.000746074746398903
16563587,source_entity_type,Push,187099,0.4813442723327185
166515022,event_type,CommitCommentEvent,3,0.0003555766267630674
166515022,event_type,IssueCommentEvent,3727,0.4417446959819841
166515022,event_type,IssuesEvent,733,0.08687922247244281
166515022,event_type,PullRequestEvent,2478,0.2937062937062937
166515022,event_type,PullRequestReviewCommentEvent,1079,0.12788906009244994
166515022,event_type,PullRequestReviewEvent,125,0.014815692781794476
166515022,event_type,PushEvent,292,0.0346094583382719
166515022,source_entity_type,CommitComment,3,0.0003555766267630674
166515022,source_entity_type,Issue,733,0.08687922247244281
166515022,source_entity_type,IssueComment,3727,0.4417446959819841
166515022,source_entity_type,PullRequest,2478,0.2937062937062937
166515022,source_entity_type,PullRequestReview,125,0.014815692781794476
166515022,source_entity_type,PullRequestReviewComment,1079,0.12788906009244994
166515022,source_entity_type,Push,292,0.0346094583382719
17165658,event_type,CommitCommentEvent,6,0.0003816551109980281
17165658,event_type,IssueCommentEvent,2426,0.15431588321353604
17165658,event_type,PullRequestEvent,1673,0.1064181667832835
17165658,event_type,PullRequestReviewCommentEvent,1646,0.10470071878379238
17165658,event_type,PullRequestReviewEvent,322,0.020482157623560843
17165658,event_type,PushEvent,9648,0.6137014184848292
17165658,source_entity_type,CommitComment,6,0.0003816551109980281
17165658,source_entity_type,IssueComment,2426,0.15431588321353604
17165658,source_entity_type,PullRequest,1673,0.1064181667832835
17165658,source_entity_type,PullRequestReview,322,0.020482157623560843
17165658,source_entity_type,PullRequestReviewComment,1646,0.10470071878379238
17165658,source_entity_type,Push,9648,0.6137014184848292
195619075,event_type,IssueCommentEvent,164,0.015576028112831227
195619075,event_type,IssuesEvent,2,0.00018995156235160034
195619075,event_type,PullRequestEvent,685,0.06505841010542311
195619075,event_type,PullRequestReviewCommentEvent,2668,0.25339538417703483
195619075,event_type,PullRequestReviewEvent,1560,0.14816221863424828
195619075,event_type,PushEvent,5436,0.5162883464716498
195619075,event_type,ReleaseEvent,14,0.0013296609364612023
195619075,source_entity_type,Issue,2,0.00018995156235160034
195619075,source_entity_type,IssueComment,164,0.015576028112831227
195619075,source_entity_type,PullRequest,685,0.06505841010542311
195619075,source_entity_type,PullRequestReview,1560,0.14816221863424828
195619075,source_entity_type,PullRequestReviewComment,2668,0.25339538417703483
195619075,source_entity_type,Push,5436,0.5162883464716498
195619075,source_entity_type,Release,14,0.0013296609364612023
208728772,event_type,CommitCommentEvent,1,3.4579342300909435e-05
208728772,event_type,IssueCommentEvent,16905,0.584563781596874
208728772,event_type,IssuesEvent,2347,0.08115771638023445
208728772,event_type,PullRequestEvent,3476,0.1201977938379612
208728772,event_type,PullRequestReviewCommentEvent,32,0.001106538953629102
208728772,event_type,PullRequestReviewEvent,7,0.00024205539610636605
208728772,event_type,PushEvent,5052,0.17469483730419447
208728772,event_type,ReleaseEvent,1099,0.03800269718869947
208728772,source_entity_type,CommitComment,1,3.4579342300909435e-05
208728772,source_entity_type,Issue,2347,0.08115771638023445
208728772,source_entity_type,IssueComment,16905,0.584563781596874
208728772,source_entity_type,PullRequest,3476,0.1201977938379612
208728772,source_entity_type,PullRequestReview,7,0.00024205539610636605
208728772,source_entity_type,PullRequestReviewComment,32,0.001106538953629102
208728772,source_entity_type,Push,5052,0.17469483730419447
208728772,source_entity_type,Release,1099,0.03800269718869947
220186120,event_type,IssueCommentEvent,30,0.0398936170212766
220186120,event_type,IssuesEvent,16,0.02127659574468085
220186120,event_type,PullRequestEvent,196,0.26063829787234044
220186120,event_type,PullRequestReviewCommentEvent,21,0.027925531914893616
220186120,event_type,PullRequestReviewEvent,1,0.0013297872340425532
220186120,event_type,PushEvent,393,0.5226063829787234
220186120,event_type,ReleaseEvent,95,0.12632978723404256
220186120,source_entity_type,Issue,16,0.02127659574468085
220186120,source_entity_type,IssueComment,30,0.0398936170212766
220186120,source_entity_type,PullRequest,196,0.26063829787234044
220186120,source_entity_type,PullRequestReview,1,0.0013297872340425532
220186120,source_entity_type,PullRequestReviewComment,21,0.027925531914893616
220186120,source_entity_type,Push,393,0.5226063829787234
220186120,source_entity_type,Release,95,0.12632978723404256
268163609,event_type,IssueCommentEvent,714,0.05526743556002787
268163609,event_type,IssuesEvent,233,0.018035451660345227
268163609,event_type,PullRequestEvent,1203,0.093118662435173
268163609,event_type,PullRequestReviewCommentEvent,138,0.010681941326728076
268163609,event_type,PullRequestReviewEvent,35,0.0027091880176484248
268163609,event_type,PushEvent,10262,0.7943339267745182
268163609,event_type,ReleaseEvent,334,0.025853394225559254
268163609,source_entity_type,Issue,233,0.018035451660345227
268163609,source_entity_type,IssueComment,714,0.05526743556002787
268163609,source_entity_type,PullRequest,1203,0.093118662435173
268163609,source_entity_type,PullRequestReview,35,0.0027091880176484248
268163609,source_entity_type,PullRequestReviewComment,138,0.010681941326728076
268163609,source_entity_type,Push,10262,0.7943339267745182
268163609,source_entity_type,Release,334,0.025853394225559254
30449481,event_type,IssueCommentEvent,181,0.06443574225703097
30449481,event_type,PullRequestEvent,284,0.10110359558561766
30449481,event_type,PullRequestReviewCommentEvent,34,0.012103951584193664
30449481,event_type,PullRequestReviewEvent,1,0.000355998576005696
30449481,event_type,PushEvent,2309,0.822000711997152
30449481,source_entity_type,IssueComment,181,0.06443574225703097
30449481,source_entity_type,PullRequest,284,0.10110359558561766
30449481,source_entity_type,PullRequestReview,1,0.000355998576005696
30449481,source_entity_type,PullRequestReviewComment,34,0.012103951584193664
30449481,source_entity_type,Push,2309,0.822000711997152
31315021,event_type,IssueCommentEvent,78,0.03089108910891089
31315021,event_type,IssuesEvent,3,0.001188118811881188
31315021,event_type,PullRequestEvent,322,0.12752475247524753
31315021,event_type,PullRequestReviewEvent,1,0.00039603960396039607
31315021,event_type,PushEvent,2115,0.8376237623762376
31315021,event_type,ReleaseEvent,6,0.002376237623762376
31315021,source_entity_type,Issue,3,0.001188118811881188
31315021,source_entity_type,IssueComment,78,0.03089108910891089
31315021,source_entity_type,PullRequest,322,0.12752475247524753
31315021,source_entity_type,PullRequestReview,1,0.00039603960396039607
31315021,source_entity_type,Push,2115,0.8376237623762376
31315021,source_entity_type,Release,6,0.002376237623762376
334274271,event_type,CommitCommentEvent,3,2.842820456936008e-05
334274271,event_type,IssueCommentEvent,78171,0.7407537264638157
334274271,event_type,IssuesEvent,2779,0.026333993499417223
334274271,event_type,PullRequestEvent,11294,0.10702271413545092
334274271,event_type,PullRequestReviewCommentEvent,1176,0.011143856191189152
334274271,event_type,PullRequestReviewEvent,246,0.0023311127746875266
334274271,event_type,PushEvent,10944,0.10370609026902558
334274271,event_type,ReleaseEvent,916,0.008680078461844612
334274271,source_entity_type,CommitComment,3,2.842820456936008e-05
334274271,source_entity_type,Issue,2779,0.026333993499417223
334274271,source_entity_type,IssueComment,78171,0.7407537264638157
334274271,source_entity_type,PullRequest,11294,0.10702271413545092
334274271,source_entity_type,PullRequestReview,246,0.0023311127746875266
334274271,source_entity_type,PullRequestReviewComment,1176,0.011143856191189152
334274271,source_entity_type,Push,10944,0.10370609026902558
334274271,source_entity_type,Release,916,0.008680078461844612
344711168,event_type,IssueCommentEvent,31,0.030723488602576808
344711168,event_type,PullRequestEvent,251,0.2487611496531219
344711168,event_type,PushEvent,727,0.7205153617443013
344711168,source_entity_type,IssueComment,31,0.030723488602576808
344711168,source_entity_type,PullRequest,251,0.2487611496531219
344711168,source_entity_type,Push,727,0.7205153617443013
346976717,event_type,IssueCommentEvent,1962,0.6167871738447029
346976717,event_type,IssuesEvent,92,0.028921722728701665
346976717,event_type,PullRequestEvent,257,0.0807922037095253
346976717,event_type,PullRequestReviewCommentEvent,31,0.009745363093366866
346976717,event_type,PullRequestReviewEvent,14,0.0044011317195850365
346976717,event_type,PushEvent,825,0.2593524049041182
346976717,source_entity_type,Issue,92,0.028921722728701665
346976717,source_entity_type,IssueComment,1962,0.6167871738447029
346976717,source_entity_type,PullRequest,257,0.0807922037095253
346976717,source_entity_type,PullRequestReview,14,0.0044011317195850365
346976717,source_entity_type,PullRequestReviewComment,31,0.009745363093366866
346976717,source_entity_type,Push,825,0.2593524049041182
351806852,event_type,CommitCommentEvent,10,0.00028541256386106117
351806852,event_type,IssueCommentEvent,3056,0.0872220795159403
351806852,event_type,IssuesEvent,422,0.01204441019493678
351806852,event_type,PullRequestEvent,1224,0.034934497816593885
351806852,event_type,PullRequestReviewCommentEvent,1075,0.030681850615064076
351806852,event_type,PullRequestReviewEvent,201,0.0057367925336073294
351806852,event_type,PushEvent,28122,0.8026372120900762
351806852,event_type,ReleaseEvent,927,0.02645774466992037
351806852,source_entity_type,CommitComment,10,0.00028541256386106117
351806852,source_entity_type,Issue,422,0.01204441019493678
351806852,source_entity_type,IssueComment,3056,0.0872220795159403
351806852,source_entity_type,PullRequest,1224,0.034934497816593885
351806852,source_entity_type,PullRequestReview,201,0.0057367925336073294
351806852,source_entity_type,PullRequestReviewComment,1075,0.030681850615064076
351806852,source_entity_type,Push,28122,0.8026372120900762
351806852,source_entity_type,Release,927,0.02645774466992037
357707809,event_type,IssueCommentEvent,418,0.042858607607915516
357707809,event_type,IssuesEvent,178,0.018250794627294165
357707809,event_type,PullRequestEvent,491,0.05034348405618784
357707809,event_type,PullRequestReviewCommentEvent,56,0.005741823028811648
357707809,event_type,PullRequestReviewEvent,19,0.0019481185276325234
357707809,event_type,PushEvent,8585,0.8802419768276428
357707809,event_type,ReleaseEvent,6,0.0006151953245155337
357707809,source_entity_type,Issue,178,0.018250794627294165
357707809,source_entity_type,IssueComment,418,0.042858607607915516
357707809,source_entity_type,PullRequest,491,0.05034348405618784
357707809,source_entity_type,PullRequestReview,19,0.0019481185276325234
357707809,source_entity_type,PullRequestReviewComment,56,0.005741823028811648
357707809,source_entity_type,Push,8585,0.8802419768276428
357707809,source_entity_type,Release,6,0.0006151953245155337
358917318,event_type,CommitCommentEvent,1,7.471607890017931e-05
358917318,event_type,IssueCommentEvent,3950,0.2951285116557083
358917318,event_type,IssuesEvent,1233,0.0921249252839211
358917318,event_type,PullRequestEvent,3712,0.27734608487746565
358917318,event_type,PullRequestReviewCommentEvent,930,0.06948595337716677
358917318,event_type,PullRequestReviewEvent,459,0.03429468021518231
358917318,event_type,PushEvent,3099,0.2315451285116557
358917318,source_entity_type,CommitComment,1,7.471607890017931e-05
358917318,source_entity_type,Issue,1233,0.0921249252839211
358917318,source_entity_type,IssueComment,3950,0.2951285116557083
358917318,source_entity_type,PullRequest,3712,0.27734608487746565
358917318,source_entity_type,PullRequestReview,459,0.03429468021518231
358917318,source_entity_type,PullRequestReviewComment,930,0.06948595337716677
358917318,source_entity_type,Push,3099,0.2315451285116557
3786237,event_type,IssueCommentEvent,668,0.04234279918864097
3786237,event_type,IssuesEvent,351,0.02224898580121704
3786237,event_type,PullRequestEvent,1390,0.08810851926977688
3786237,event_type,PullRequestReviewCommentEvent,736,0.04665314401622718
3786237,event_type,PullRequestReviewEvent,52,0.0032961460446247464
3786237,event_type,PushEvent,12318,0.7808062880324543
3786237,event_type,ReleaseEvent,261,0.016544117647058824
3786237,source_entity_type,Issue,351,0.02224898580121704
3786237,source_entity_type,IssueComment,668,0.04234279918864097
3786237,source_entity_type,PullRequest,1390,0.08810851926977688
3786237,source_entity_type,PullRequestReview,52,0.0032961460446247464
3786237,source_entity_type,PullRequestReviewComment,736,0.04665314401622718
3786237,source_entity_type,Push,12318,0.7808062880324543
3786237,source_entity_type,Release,261,0.016544117647058824
385634291,event_type,CommitCommentEvent,2,7.407133069145587e-05
385634291,event_type,IssueCommentEvent,973,0.03603570238139328
385634291,event_type,IssuesEvent,448,0.016591978074886115
385634291,event_type,PullRequestEvent,1790,0.066293840968853
385634291,event_type,PullRequestReviewCommentEvent,767,0.028406355320173327
385634291,event_type,PullRequestReviewEvent,131,0.0048516721602903596
385634291,event_type,PushEvent,21670,0.8025628680419243
385634291,event_type,ReleaseEvent,1220,0.04518351172178808
385634291,source_entity_type,CommitComment,2,7.407133069145587e-05
385634291,source_entity_type,Issue,448,0.016591978074886115
385634291,source_entity_type,IssueComment,973,0.03603570238139328
385634291,source_entity_type,PullRequest,1790,0.066293840968853
385634291,source_entity_type,PullRequestReview,131,0.0048516721602903596
385634291,source_entity_type,PullRequestReviewComment,767,0.028406355320173327
385634291,source_entity_type,Push,21670,0.8025628680419243
385634291,source_entity_type,Release,1220,0.04518351172178808
388946490,event_type,CommitCommentEvent,1,5.526693931690063e-05
388946490,event_type,IssueCommentEvent,3339,0.1845363103791312
388946490,event_type,IssuesEvent,538,0.029733613352492538
388946490,event_type,PullRequestEvent,867,0.047916436387752843
388946490,event_type,PullRequestReviewCommentEvent,763,0.04216867469879518
388946490,event_type,PullRequestReviewEvent,81,0.004476622084668951
388946490,event_type,PushEvent,12505,0.6911130761578423
388946490,source_entity_type,CommitComment,1,5.526693931690063e-05
388946490,source_entity_type,Issue,538,0.029733613352492538
388946490,source_entity_type,IssueComment,3339,0.1845363103791312
388946490,source_entity_type,PullRequest,867,0.047916436387752843
388946490,source_entity_type,PullRequestReview,81,0.004476622084668951
388946490,source_entity_type,PullRequestReviewComment,763,0.04216867469879518
388946490,source_entity_type,Push,12505,0.6911130761578423
396867188,event_type,CommitCommentEvent,5,0.0021159542953872196
396867188,event_type,IssueCommentEvent,197,0.08336859923825646
396867188,event_type,IssuesEvent,89,0.03766398645789251
396867188,event_type,PullRequestEvent,188,0.07955988150655946
396867188,event_type,PullRequestReviewCommentEvent,1,0.00042319085907744394
396867188,event_type,PushEvent,1474,0.6237833262801523
396867188,event_type,ReleaseEvent,409,0.17308506136267457
396867188,source_entity_type,CommitComment,5,0.0021159542953872196
396867188,source_entity_type,Issue,89,0.03766398645789251
396867188,source_entity_type,IssueComment,197,0.08336859923825646
396867188,source_entity_type,PullRequest,188,0.07955988150655946
396867188,source_entity_type,PullRequestReviewComment,1,0.00042319085907744394
396867188,source_entity_type,Push,1474,0.6237833262801523
396867188,source_entity_type,Release,409,0.17308506136267457
41349039,event_type,CommitCommentEvent,3,0.0003546518501004847
41349039,event_type,IssueCommentEvent,133,0.015722898687788155
41349039,event_type,IssuesEvent,39,0.004610474051306301
41349039,event_type,PullRequestEvent,158,0.01867833077195886
41349039,event_type,PullRequestReviewCommentEvent,35,0.004137604917838988
41349039,event_type,PullRequestReviewEvent,7,0.0008275209835677976
41349039,event_type,PushEvent,7775,0.9191393781770895
41349039,event_type,ReleaseEvent,309,0.03652914056034992
41349039,source_entity_type,CommitComment,3,0.0003546518501004847
41349039,source_entity_type,Issue,39,0.004610474051306301
41349039,source_entity_type,IssueComment,133,0.015722898687788155
41349039,source_entity_type,PullRequest,158,0.01867833077195886
41349039,source_entity_type,PullRequestReview,7,0.0008275209835677976
41349039,source_entity_type,PullRequestReviewComment,35,0.004137604917838988
41349039,source_entity_type,Push,7775,0.9191393781770895
41349039,source_entity_type,Release,309,0.03652914056034992
41986369,event_type,IssueCommentEvent,113921,0.8132392938472192
41986369,event_type,IssuesEvent,1321,0.009430123569598024
41986369,event_type,PullRequestEvent,10013,0.07147905170506057
41986369,event_type,PullRequestReviewCommentEvent,603,0.004304590849710529
41986369,event_type,PullRequestReviewEvent,40,0.00028554499832242314
41986369,event_type,PushEvent,13814,0.09861296517064883
41986369,event_type,ReleaseEvent,371,0.0026484298594404744
41986369,source_entity_type,Issue,1321,0.009430123569598024
41986369,source_entity_type,IssueComment,113921,0.8132392938472192
41986369,source_entity_type,PullRequest,10013,0.07147905170506057
41986369,source_entity_type,PullRequestReview,40,0.00028554499832242314
41986369,source_entity_type,PullRequestReviewComment,603,0.004304590849710529
41986369,source_entity_type,Push,13814,0.09861296517064883
41986369,source_entity_type,Release,371,0.0026484298594404744
422821402,event_type,IssueCommentEvent,511,0.07831417624521073
422821402,event_type,IssuesEvent,494,0.0757088122605364
422821402,event_type,PullRequestEvent,989,0.15157088122605364
422821402,event_type,PullRequestReviewCommentEvent,333,0.05103448275862069
422821402,event_type,PullRequestReviewEvent,61,0.009348659003831418
422821402,event_type,PushEvent,3227,0.4945593869731801
422821402,event_type,ReleaseEvent,910,0.13946360153256704
422821402,source_entity_type,Issue,494,0.0757088122605364
422821402,source_entity_type,IssueComment,511,0.07831417624521073
422821402,source_entity_type,PullRequest,989,0.15157088122605364
422821402,source_entity_type,PullRequestReview,61,0.009348659003831418
422821402,source_entity_type,PullRequestReviewComment,333,0.05103448275862069
422821402,source_entity_type,Push,3227,0.4945593869731801
422821402,source_entity_type,Release,910,0.13946360153256704
449924556,event_type,IssueCommentEvent,966,0.34524660471765545
449924556,event_type,IssuesEvent,15,0.005360972122944961
449924556,event_type,PullRequestEvent,43,0.015368120085775554
449924556,event_type,PullRequestReviewCommentEvent,5,0.0017869907076483202
449924556,event_type,PullRequestReviewEvent,2,0.0007147962830593281
449924556,event_type,PushEvent,862,0.3080771979985704
449924556,event_type,ReleaseEvent,905,0.32344531808434596
449924556,source_entity_type,Issue,15,0.005360972122944961
449924556,source_entity_type,IssueComment,966,0.34524660471765545
449924556,source_entity_type,PullRequest,43,0.015368120085775554
449924556,source_entity_type,PullRequestReview,2,0.0007147962830593281
449924556,source_entity_type,PullRequestReviewComment,5,0.0017869907076483202
449924556,source_entity_type,Push,862,0.3080771979985704
449924556,source_entity_type,Release,905,0.32344531808434596
453068084,event_type,CommitCommentEvent,3,3.8639378678790846e-05
453068084,event_type,IssueCommentEvent,2921,0.03762187504024935
453068084,event_type,IssuesEvent,1226,0.015790626086732526
453068084,event_type,PullRequestEvent,7662,0.09868497314563182
453068084,event_type,PullRequestReviewCommentEvent,679,0.008745379374299662
453068084,event_type,PullRequestReviewEvent,358,0.004610965855669041
453068084,event_type,PushEvent,64407,0.8295488208549606
453068084,event_type,ReleaseEvent,385,0.004958720263778159
453068084,source_entity_type,CommitComment,3,3.8639378678790846e-05
453068084,source_entity_type,Issue,1226,0.015790626086732526
453068084,source_entity_type,IssueComment,2921,0.03762187504024935
453068084,source_entity_type,PullRequest,7662,0.09868497314563182
453068084,source_entity_type,PullRequestReview,358,0.004610965855669041
453068084,source_entity_type,PullRequestReviewComment,679,0.008745379374299662
453068084,source_entity_type,Push,64407,0.8295488208549606
453068084,source_entity_type,Release,385,0.004958720263778159
462329984,event_type,IssueCommentEvent,196,0.08957952468007313
462329984,event_type,IssuesEvent,100,0.04570383912248629
462329984,event_type,PullRequestEvent,68,0.031078610603290677
462329984,event_type,PullRequestReviewCommentEvent,7,0.0031992687385740404
462329984,event_type,PullRequestReviewEvent,2,0.0009140767824497258
462329984,event_type,PushEvent,1815,0.8295246800731262
462329984,source_entity_type,Issue,100,0.04570383912248629
462329984,source_entity_type,IssueComment,196,0.08957952468007313
462329984,source_entity_type,PullRequest,68,0.031078610603290677
462329984,source_entity_type,PullRequestReview,2,0.0009140767824497258
462329984,source_entity_type,PullRequestReviewComment,7,0.0031992687385740404
462329984,source_entity_type,Push,1815,0.8295246800731262
48833910,event_type,CommitCommentEvent,1,8.272667107875579e-05
48833910,event_type,IssueCommentEvent,2598,0.21492389146260754
48833910,event_type,IssuesEvent,626,0.05178689609530113
48833910,event_type,PullRequestEvent,6109,0.5053772336201191
48833910,event_type,PullRequestReviewCommentEvent,99,0.008189940436796824
48833910,event_type,PullRequestReviewEvent,9,0.0007445400397088021
48833910,event_type,PushEvent,2521,0.20855393778954334
48833910,event_type,ReleaseEvent,125,0.010340833884844474
48833910,source_entity_type,CommitComment,1,8.272667107875579e-05
48833910,source_entity_type,Issue,626,0.05178689609530113
48833910,source_entity_type,IssueComment,2598,0.21492389146260754
48833910,source_entity_type,PullRequest,6109,0.5053772336201191
48833910,source_entity_type,PullRequestReview,9,0.0007445400397088021
48833910,source_entity_type,PullRequestReviewComment,99,0.008189940436796824
48833910,source_entity_type,Push,2521,0.20855393778954334
48833910,source_entity_type,Release,125,0.010340833884844474
496817075,event_type,IssueCommentEvent,274,0.042526773242278444
496817075,event_type,IssuesEvent,128,0.019866521806611828
496817075,event_type,PullRequestEvent,609,0.09452118578302034
496817075,event_type,PullRequestReviewCommentEvent,74,0.011485332919447462
496817075,event_type,PullRequestReviewEvent,20,0.0031041440322830977
496817075,event_type,PushEvent,4918,0.7633090175384137
496817075,event_type,ReleaseEvent,420,0.06518702467794506
496817075,source_entity_type,Issue,128,0.019866521806611828
496817075,source_entity_type,IssueComment,274,0.042526773242278444
496817075,source_entity_type,PullRequest,609,0.09452118578302034
496817075,source_entity_type,PullRequestReview,20,0.0031041440322830977
496817075,source_entity_type,PullRequestReviewComment,74,0.011485332919447462
496817075,source_entity_type,Push,4918,0.7633090175384137
496817075,source_entity_type,Release,420,0.06518702467794506
507775,event_type,CommitCommentEvent,4,0.00011826971408296621
507775,event_type,IssueCommentEvent,5808,0.17172762484846693
507775,event_type,IssuesEvent,1081,0.031962390230921615
507775,event_type,PullRequestEvent,7480,0.2211643653351468
507775,event_type,PullRequestReviewCommentEvent,1687,0.049880251914491
507775,event_type,PullRequestReviewEvent,271,0.00801277312912096
507775,event_type,PushEvent,17490,0.5171343248277698
507775,source_entity_type,CommitComment,4,0.00011826971408296621
507775,source_entity_type,Issue,1081,0.031962390230921615
507775,source_entity_type,IssueComment,5808,0.17172762484846693
507775,source_entity_type,PullRequest,7480,0.2211643653351468
507775,source_entity_type,PullRequestReview,271,0.00801277312912096
507775,source_entity_type,PullRequestReviewComment,1687,0.049880251914491
507775,source_entity_type,Push,17490,0.5171343248277698
50874442,event_type,CommitCommentEvent,1,7.577479730241721e-05
50874442,event_type,IssueCommentEvent,288,0.02182314162309616
50874442,event_type,IssuesEvent,75,0.005683109797681291
50874442,event_type,PullRequestEvent,215,0.016291581420019702
50874442,event_type,PullRequestReviewCommentEvent,168,0.012730165946806092
50874442,event_type,PullRequestReviewEvent,110,0.008335227703265894
50874442,event_type,PushEvent,12340,0.9350609987118285
50874442,source_entity_type,CommitComment,1,7.577479730241721e-05
50874442,source_entity_type,Issue,75,0.005683109797681291
50874442,source_entity_type,IssueComment,288,0.02182314162309616
50874442,source_entity_type,PullRequest,215,0.016291581420019702
50874442,source_entity_type,PullRequestReview,110,0.008335227703265894
50874442,source_entity_type,PullRequestReviewComment,168,0.012730165946806092
50874442,source_entity_type,Push,12340,0.9350609987118285
510375115,event_type,CommitCommentEvent,1,0.000999000999000999
510375115,event_type,IssueCommentEvent,133,0.13286713286713286
510375115,event_type,IssuesEvent,16,0.015984015984015984
510375115,event_type,PullRequestEvent,202,0.2017982017982018
510375115,event_type,PullRequestReviewCommentEvent,37,0.03696303696303696
510375115,event_type,PullRequestReviewEvent,1,0.000999000999000999
510375115,event_type,PushEvent,572,0.5714285714285714
510375115,event_type,ReleaseEvent,39,0.03896103896103896
510375115,source_entity_type,CommitComment,1,0.000999000999000999
510375115,source_entity_type,Issue,16,0.015984015984015984
510375115,source_entity_type,IssueComment,133,0.13286713286713286
510375115,source_entity_type,PullRequest,202,0.2017982017982018
510375115,source_entity_type,PullRequestReview,1,0.000999000999000999
510375115,source_entity_type,PullRequestReviewComment,37,0.03696303696303696
510375115,source_entity_type,Push,572,0.5714285714285714
510375115,source_entity_type,Release,39,0.03896103896103896
5349565,event_type,CommitCommentEvent,1,0.00012413108242303873
5349565,event_type,IssueCommentEvent,1845,0.22902184707050646
5349565,event_type,IssuesEvent,344,0.04270109235352532
5349565,event_type,PullRequestEvent,4931,0.6120903674280039
5349565,event_type,PullRequestReviewCommentEvent,364,0.0451837140019861
5349565,event_type,PullRequestReviewEvent,126,0.01564051638530288
5349565,event_type,PushEvent,445,0.055238331678252234
5349565,source_entity_type,CommitComment,1,0.00012413108242303873
5349565,source_entity_type,Issue,344,0.04270109235352532
5349565,source_entity_type,IssueComment,1845,0.22902184707050646
5349565,source_entity_type,PullRequest,4931,0.6120903674280039
5349565,source_entity_type,PullRequestReview,126,0.01564051638530288
5349565,source_entity_type,PullRequestReviewComment,364,0.0451837140019861
5349565,source_entity_type,Push,445,0.055238331678252234
546206616,event_type,IssueCommentEvent,867,0.19177173191771732
546206616,event_type,IssuesEvent,188,0.0415837204158372
546206616,event_type,PullRequestEvent,424,0.09378456093784561
546206616,event_type,PullRequestReviewCommentEvent,84,0.0185799601857996
546206616,event_type,PullRequestReviewEvent,9,0.0019907100199071004
546206616,event_type,PushEvent,2470,0.546339305463393
546206616,event_type,ReleaseEvent,479,0.10595001105950011
546206616,source_entity_type,Issue,188,0.0415837204158372
546206616,source_entity_type,IssueComment,867,0.19177173191771732
546206616,source_entity_type,PullRequest,424,0.09378456093784561
546206616,source_entity_type,PullRequestReview,9,0.0019907100199071004
546206616,source_entity_type,PullRequestReviewComment,84,0.0185799601857996
546206616,source_entity_type,Push,2470,0.546339305463393
546206616,source_entity_type,Release,479,0.10595001105950011
60246359,event_type,CommitCommentEvent,4,7.48685121754918e-05
60246359,event_type,IssueCommentEvent,15606,0.2920995002526812
60246359,event_type,IssuesEvent,1369,0.025623748292062067
60246359,event_type,PullRequestEvent,11490,0.21505980122410018
60246359,event_type,PullRequestReviewCommentEvent,893,0.01671439534317854
60246359,event_type,PullRequestReviewEvent,98,0.001834278548299549
60246359,event_type,PushEvent,23967,0.44859340782750295
60246359,source_entity_type,CommitComment,4,7.48685121754918e-05
60246359,source_entity_type,Issue,1369,0.025623748292062067
60246359,source_entity_type,IssueComment,15606,0.2920995002526812
60246359,source_entity_type,PullRequest,11490,0.21505980122410018
60246359,source_entity_type,PullRequestReview,98,0.001834278548299549
60246359,source_entity_type,PullRequestReviewComment,893,0.01671439534317854
60246359,source_entity_type,Push,23967,0.44859340782750295
60377070,event_type,IssueCommentEvent,263,0.035526138052141026
60377070,event_type,IssuesEvent,77,0.010401188707280832
60377070,event_type,PullRequestEvent,1763,0.2381466972848845
60377070,event_type,PullRequestReviewCommentEvent,44,0.005943536404160475
60377070,event_type,PullRequestReviewEvent,1,0.00013508037282182898
60377070,event_type,PushEvent,5255,0.7098473591787113
60377070,source_entity_type,Issue,77,0.010401188707280832
60377070,source_entity_type,IssueComment,263,0.035526138052141026
60377070,source_entity_type,PullRequest,1763,0.2381466972848845
60377070,source_entity_type,PullRequestReview,1,0.00013508037282182898
60377070,source_entity_type,PullRequestReviewComment,44,0.005943536404160475
60377070,source_entity_type,Push,5255,0.7098473591787113
6838921,event_type,CommitCommentEvent,2,0.0004259850905218317
6838921,event_type,IssueCommentEvent,1046,0.222790202342918
6838921,event_type,IssuesEvent,309,0.065814696485623
6838921,event_type,PullRequestEvent,631,0.1343982960596379
6838921,event_type,PullRequestReviewCommentEvent,179,0.03812566560170394
6838921,event_type,PullRequestReviewEvent,50,0.010649627263045794
6838921,event_type,PushEvent,1996,0.4251331203407881
6838921,event_type,ReleaseEvent,482,0.10266240681576144
6838921,source_entity_type,CommitComment,2,0.0004259850905218317
6838921,source_entity_type,Issue,309,0.065814696485623
6838921,source_entity_type,IssueComment,1046,0.222790202342918
6838921,source_entity_type,PullRequest,631,0.1343982960596379
6838921,source_entity_type,PullRequestReview,50,0.010649627263045794
6838921,source_entity_type,PullRequestReviewComment,179,0.03812566560170394
6838921,source_entity_type,Push,1996,0.4251331203407881
6838921,source_entity_type,Release,482,0.10266240681576144
7437073,event_type,IssueCommentEvent,178,0.17925478348439072
7437073,event_type,IssuesEvent,74,0.07452165156092648
7437073,event_type,PullRequestEvent,309,0.311178247734139
7437073,event_type,PullRequestReviewCommentEvent,12,0.012084592145015106
7437073,event_type,PullRequestReviewEvent,2,0.002014098690835851
7437073,event_type,PushEvent,418,0.4209466263846928
7437073,source_entity_type,Issue,74,0.07452165156092648
7437073,source_entity_type,IssueComment,178,0.17925478348439072
7437073,source_entity_type,PullRequest,309,0.311178247734139
7437073,source_entity_type,PullRequestReview,2,0.002014098690835851
7437073,source_entity_type,PullRequestReviewComment,12,0.012084592145015106
7437073,source_entity_type,Push,418,0.4209466263846928
75425073,event_type,IssueCommentEvent,120,0.022870211549456832
75425073,event_type,IssuesEvent,58,0.01105393558223747
75425073,event_type,PullRequestEvent,865,0.16485610825233465
75425073,event_type,PullRequestReviewCommentEvent,4,0.0007623403849818944
75425073,event_type,PushEvent,3613,0.6885839527348961
75425073,event_type,ReleaseEvent,587,0.111873451496093
75425073,source_entity_type,Issue,58,0.01105393558223747
75425073,source_entity_type,IssueComment,120,0.022870211549456832
75425073,source_entity_type,PullRequest,865,0.16485610825233465
75425073,source_entity_type,PullRequestReviewComment,4,0.0007623403849818944
75425073,source_entity_type,Push,3613,0.6885839527348961
75425073,source_entity_type,Release,587,0.111873451496093
77385607,event_type,CommitCommentEvent,702,0.1309212980231257
77385607,event_type,IssueCommentEvent,691,0.128869824692279
77385607,event_type,IssuesEvent,101,0.018836255128683328
77385607,event_type,PullRequestEvent,550,0.10257366654233495
77385607,event_type,PullRequestReviewCommentEvent,27,0.0050354345393509884
77385607,event_type,PullRequestReviewEvent,35,0.006527415143603133
77385607,event_type,PushEvent,3252,0.6064901156284969
77385607,event_type,ReleaseEvent,4,0.0007459903021260724
77385607,source_entity_type,CommitComment,702,0.1309212980231257
77385607,source_entity_type,Issue,101,0.018836255128683328
77385607,source_entity_type,IssueComment,691,0.128869824692279
77385607,source_entity_type,PullRequest,550,0.10257366654233495
77385607,source_entity_type,PullRequestReview,35,0.006527415143603133
77385607,source_entity_type,PullRequestReviewComment,27,0.0050354345393509884
77385607,source_entity_type,Push,3252,0.6064901156284969
77385607,source_entity_type,Release,4,0.0007459903021260724
84240850,event_type,IssueCommentEvent,1124,0.1803015720243824
84240850,event_type,IssuesEvent,121,0.01940968880333654
84240850,event_type,PullRequestEvent,513,0.08229066410009625
84240850,event_type,PullRequestReviewCommentEvent,119,0.01908886750080205
84240850,event_type,PullRequestReviewEvent,21,0.003368623676612127
84240850,event_type,PushEvent,4219,0.676772537696503
84240850,event_type,ReleaseEvent,117,0.018768046198267566
84240850,source_entity_type,Issue,121,0.01940968880333654
84240850,source_entity_type,IssueComment,1124,0.1803015720243824
84240850,source_entity_type,PullRequest,513,0.08229066410009625
84240850,source_entity_type,PullRequestReview,21,0.003368623676612127
84240850,source_entity_type,PullRequestReviewComment,119,0.01908886750080205
84240850,source_entity_type,Push,4219,0.676772537696503
84240850,source_entity_type,Release,117,0.018768046198267566
911980,event_type,CommitCommentEvent,2,0.00032216494845360824
911980,event_type,IssueCommentEvent,857,0.13804768041237114
911980,event_type,IssuesEvent,317,0.051063144329896906
911980,event_type,PullRequestEvent,774,0.12467783505154639
911980,event_type,PullRequestReviewCommentEvent,319,0.05138530927835051
911980,event_type,PullRequestReviewEvent,35,0.005637886597938144
911980,event_type,PushEvent,3899,0.6280605670103093
911980,event_type,ReleaseEvent,5,0.0008054123711340206
911980,source_entity_type,CommitComment,2,0.00032216494845360824
911980,source_entity_type,Issue,317,0.051063144329896906
911980,source_entity_type,IssueComment,857,0.13804768041237114
911980,source_entity_type,PullRequest,774,0.12467783505154639
911980,source_entity_type,PullRequestReview,35,0.005637886597938144
911980,source_entity_type,PullRequestReviewComment,319,0.05138530927835051
911980,source_entity_type,Push,3899,0.6280605670103093
911980,source_entity_type,Release,5,0.0008054123711340206
9342529,event_type,CommitCommentEvent,3,0.00047808764940239046
9342529,event_type,IssueCommentEvent,495,0.07888446215139443
9342529,event_type,IssuesEvent,120,0.019123505976095617
9342529,event_type,PullRequestEvent,1047,0.16685258964143426
9342529,event_type,PullRequestReviewCommentEvent,305,0.04860557768924303
9342529,event_type,PullRequestReviewEvent,47,0.00749003984063745
9342529,event_type,PushEvent,4258,0.6785657370517928
9342529,source_entity_type,CommitComment,3,0.00047808764940239046
9342529,source_entity_type,Issue,120,0.019123505976095617
9342529,source_entity_type,IssueComment,495,0.07888446215139443
9342529,source_entity_type,PullRequest,1047,0.16685258964143426
9342529,source_entity_type,PullRequestReview,47,0.00749003984063745
9342529,source_entity_type,PullRequestReviewComment,305,0.04860557768924303
9342529,source_entity_type,Push,4258,0.6785657370517928
95614931,event_type,IssueCommentEvent,1953,0.7140767824497257
95614931,event_type,IssuesEvent,131,0.04789762340036563
95614931,event_type,PullRequestEvent,8,0.0029250457038391227
95614931,event_type,PullRequestReviewCommentEvent,2,0.0007312614259597807
95614931,event_type,PullRequestReviewEvent,2,0.0007312614259597807
95614931,event_type,PushEvent,297,0.10859232175502742
95614931,event_type,ReleaseEvent,342,0.12504570383912247
95614931,source_entity_type,Issue,131,0.04789762340036563
95614931,source_entity_type,IssueComment,1953,0.7140767824497257
95614931,source_entity_type,PullRequest,8,0.0029250457038391227
95614931,source_entity_type,PullRequestReview,2,0.0007312614259597807
95614931,source_entity_type,PullRequestReviewComment,2,0.0007312614259597807
95614931,source_entity_type,Push,297,0.10859232175502742
95614931,source_entity_type,Release,342,0.12504570383912247
