node_u,node_v,weight,directed_edge_count
100470837,60377070,34,1
100649664,357707809,77,1
100656827,148087762,201,1
101107622,16563587,31,1
101767772,358917318,46,1
101769985,44781140,15,1
1020639,31315021,38,1
102343794,99919302,11,1
10262364,77385607,18,1
102792138,16563587,27,1
104327447,17165658,88,1
105088940,4254338,19,1
105088940,507775,674,1
105088940,77385607,361,1
1050944,574877,16,1
105379569,268163609,60,1
105711679,396856161,18,1
105944401,184149296,16,1
105944401,531406663,16,1
105944401,680247452,15,1
105944401,927442,48,1
10610797,11695619,12,1
10610797,77385607,77,1
106310,453068084,37,1
10637893,7437073,16,1
10637896,11695619,30,1
10637896,17165658,16,1
10637896,334274271,29,1
10637896,3786237,15,1
10637896,45732002,12,1
10637896,77385607,18,1
1064563,114619105,23,1
1064563,16189524,24,1
1064563,17165658,39,1
1064563,30449481,23,1
1064563,3786237,77,1
1064563,396867188,38,1
1064563,77385607,592,1
10746583,17165658,35,1
10746583,7437073,17,1
108050,3786237,26,1
108050,396867188,13,1
108187130,1917262,18,1
108883568,6838921,25,1
108979839,385634291,10,1
109162639,6838921,10,1
11002815,34533675,14,1
11008207,133275023,10,1
11008207,154422394,82,1
11008207,225690537,803,1
11008207,23096959,147,1
11008207,257485422,117,1
11008207,27522271,231,1
11008207,276685482,785,1
11008207,32741886,12,1
11008207,8507859,14,1
11061773,30449481,203,1
11061773,639434928,13,1
11131631,388946490,287,1
11206255,16563587,29,1
11225014,164008820,51,1
11225014,187086161,122,1
11225014,192624594,18,1
11225014,192625955,21,1
11225014,197814629,72,1
11225014,20580498,45,1
11225014,21306961,11,1
11225014,23096959,32,1
11225014,232539879,13,1
11225014,242202166,37,1
11225014,259445878,229,1
11225014,27146054,21,1
11225014,27522241,28,1
11225014,27522271,35,1
11225014,27522282,24,1
11225014,27522295,25,1
11225014,27729907,125,1
11225014,33352201,19,1
11225014,383185912,10,1
11225014,421101922,32,1
11225014,43225113,36,1
11225014,52034309,27,1
11225014,571342238,42,1
11225014,57939112,12,1
11225014,7823926,17,1
11225014,79954708,10,1
11225014,92132038,10,1
11225014,94593596,97,2
11225014,96237042,12,1
11225909,334274271,19,1
11233996,3786237,111,1
1123727,158975124,10,1
1123727,77385607,52,1
112504288,6838921,31,1
1126087,20089857,129,1
113677984,11695619,10,1
113677984,396867188,14,1
113677984,77385607,44,1
113678060,77385607,22,1
113678093,11695619,12,1
113678112,11695619,11,1
113678112,396867188,10,1
113678133,11695619,15,1
113678133,206686299,15,1
113678153,396867188,10,1
113678153,77385607,21,1
113678351,77385607,20,1
113678408,11695619,17,1
113678408,16189524,13,1
113678408,206686299,15,1
113678408,3786237,120,1
113678408,396867188,15,1
113678408,45732002,11,1
113678408,73235061,12,1
113678408,77385607,24,1
113678674,11695619,29,1
113678772,77385607,25,1
113678857,16189524,10,1
113678857,3786237,341,1
113918130,6838921,13,1
11403699,20089857,16,1
114187903,11939484,57,1
114187903,54980593,21,1
11452538,385634291,44,1
114619105,129954828,16,1
114619105,17165658,93,1
114619105,18260583,31,1
114619105,182849188,12,1
114619105,206444,30,1
114619105,23088740,81,1
114619105,34685800,12,1
114619105,38829639,10,1
114619105,76474200,43,1
114705574,268163609,29,1
114705611,268163609,26,1
114705611,496817075,18,1
114735865,268163609,11,1
1148753,196353673,17,1
11599760,351806852,30,1
116259506,422821402,17,1
11695619,11966919,11,1
11695619,1334607,14,1
11695619,14696091,43,1
11695619,18128548,34,1
11695619,181510702,12,1
11695619,192625955,10,1
11695619,197814629,14,1
11695619,2045207,196,1
11695619,206371,22,1
11695619,206427,13,1
11695619,215566462,10,1
11695619,24499046,16,1
11695619,27721932,33,1
11695619,27954927,35,1
11695619,288485773,10,1
11695619,29102367,55,1
11695619,298328,10,1
11695619,35700771,25,1
11695619,4624165,10,1
11695619,4950187,16,1
11695619,5663857,82,1
11695619,567634,12,1
11695619,60111626,38,1
11695619,832680,105,1
118517813,453068084,43,1
1187853,45732002,14,1
1187853,77385607,15,1
11939484,20089857,36,1
11939484,351806852,28,1
11939484,50874442,17,1
119439276,158975124,11,1
120538653,358917318,94,1
120538653,442441933,90,1
120538653,496817075,18,1
120538653,510375115,10,1
12191244,30449481,99,1
122193808,507775,14,1
122782022,911980,10,1
123690489,17165658,15,1
124409889,86868560,28,1
124802455,268163609,35,1
124802455,358917318,16,1
124802455,496817075,13,1
12488647,30449481,16,1
12488647,7437073,22,1
12499251,3786237,22,1
12499251,453068084,22,1
12499251,77385607,10,1
125238132,16563587,1118,1
125266328,31315021,181,1
12550138,31315021,52,1
12574344,60377070,27,1
125824259,223442049,23,1
125824259,3237873,10,1
126238614,220186120,10,1
126238614,422821402,10,1
127420809,357707809,20,1
128096570,44781140,12,1
128778692,30449481,21,1
128842710,388946490,189,1
129717717,385634291,28,1
129883659,396867188,10,1
129883659,7437073,24,1
129954828,17165658,25,1
130040931,334274271,11,1
130688011,177210627,18,1
130688011,184286875,25,1
130688011,189476904,175,1
130688011,203697873,173,1
130688011,212857695,20,1
130688011,215108366,205,1
130688011,222735791,18,1
130688011,22531552,121,1
130688011,241092383,354,1
130688011,268274269,96,1
130688011,287743349,139,1
130688011,288485773,211,1
130688011,288487894,305,1
130688011,295544240,16,1
130688011,298565987,864,1
130688011,301727732,34,1
130688011,306769011,751,1
130688011,307760976,76,1
130688011,34406933,17,1
130688011,345619662,20,1
130688011,357936578,20,1
130688011,359812205,182,1
130688011,41473746,20,1
130688011,528342545,36,1
130688011,54503347,18,1
130688011,67836789,31,1
130688011,84517704,72,1
13078968,158975124,16,1
13078968,7437073,10,1
13124802,223485832,29,1
13124802,36960321,13,1
13124802,6838921,16,1
131347954,388946490,150,1
132145189,150954997,21,1
132145189,396856161,27,1
132145189,41986369,13,1
132145189,422821402,30,1
13258039,351806852,680,1
133067498,385634291,58,1
13310527,156018,12,1
13310527,16563587,33,1
13310527,60246359,11,1
133411492,16563587,237,1
134683798,507775,10,1
1357199,357707809,10,1
1357199,5844474,21,1
13624859,30449481,15,1
1362490,20089857,21,1
1362490,206417,15,1
1362490,268163609,18,1
1362490,31315021,57,1
13628513,385634291,37,1
136494223,396856161,13,1
13655592,31315021,60,1
13655949,60246359,10,1
1372698,31315021,23,1
137444487,148087762,254,1
13745124,334274271,48,1
137814779,31315021,291,1
137855319,141376301,13,1
138597372,268163609,10,1
138754790,155379486,23,1
138754790,20675635,10,1
138754790,298763623,16,1
138754790,358917318,12,1
138754790,388946490,16,1
138754790,416315721,10,1
138754790,442441933,16,1
138754790,44662669,11,1
138754790,478886268,21,1
138754790,480217156,12,1
138754790,483185939,18,1
138754790,51905353,15,1
138754790,586785918,23,1
138754790,650194867,13,1
138754790,681989124,13,1
139499718,357707809,30,1
140029949,148087762,59,1
141339868,16563587,598,1
141345580,357707809,43,1
141376301,144999365,19,1
14173176,34533675,13,1
142017296,2649214,18,1
14210523,25780780,98,1
142161875,77385607,11,1
143040428,156018,69,1
143220272,357707809,35,1
143220272,496817075,18,1
14367737,268163609,235,1
14367737,496817075,29,1
14367737,510375115,23,1
14389056,911980,10,1
144751911,358917318,11,1
144952955,86868560,12,1
145900295,77385607,18,1
146459443,257933864,25,1
14696091,3786237,140,1
148087762,205564111,593,1
148087762,240151150,118,1
148087762,241268229,434,1
148087762,244496643,156,1
148087762,351019317,11,1
148087762,80311370,18,1
148087762,87362999,73,1
149121954,17165658,12,1
149121954,341631350,10,1
14934771,268163609,39,1
150154628,388946490,112,1
15062869,16563587,26,1
150954997,180155433,22,1
150954997,192624594,32,1
150954997,197814629,13,1
150954997,200299178,35,1
150954997,214266955,16,1
150954997,23096959,14,1
150954997,259626767,23,1
150954997,2606873,10,1
150954997,262521997,43,1
150954997,27096595,13,1
150954997,28233924,12,1
150954997,39468142,13,1
150954997,6838921,63,1
150954997,7004897,16,1
150954997,96004375,48,1
150988662,220186120,30,1
15111821,385634291,28,1
151122650,3786237,27,1
153694833,86868560,14,1
15500883,268163609,73,1
15500883,351806852,29,1
15500883,357707809,45,1
15500883,453068084,11,1
155652490,496817075,19,1
156018,168712350,15,1
156018,259445878,18,1
156018,321908167,30,1
156018,360734598,15,1
156018,58132544,16,1
156018,671043970,15,1
156018,915844,20,1
15661465,73235061,28,1
157827731,206686299,20,1
15807269,334274271,43,1
158256479,166515022,106,1
158256479,17165658,10,1
158256479,206444,24,1
158256479,5349565,26,1
158403775,16563587,17,1
158477175,60246359,12,1
158975124,2045207,23,1
158975124,242202166,19,1
158975124,257485422,17,1
158975124,283325,21,1
158975124,30553392,11,1
158975124,3678731,11,1
158975124,6296790,20,1
158975124,6818061,11,1
159271175,31315021,102,1
159351868,473235285,11,1
159548561,5844474,20,1
159907380,41986369,147,1
159907380,48833910,15,1
160615620,496817075,13,1
16189524,206371,22,1
16189524,2560988,19,1
16189524,283325,12,1
16189524,33816473,20,1
16189524,3604157,16,1
16189524,537800,12,1
16189524,6207167,10,1
16189524,7508411,14,1
16189524,7639232,13,1
16189524,832680,28,1
16211818,388946490,48,1
162484658,16563587,17,1
162725910,16563587,11,1
16287235,334274271,17,1
164668916,357707809,22,1
16489874,334274271,95,1
165536154,639434928,16,1
16554739,507775,14,1
16563587,187943341,17,1
16563587,190416463,32,1
16563587,19608522,24,1
16563587,20929025,18,1
16563587,21440127,94,1
16563587,22938893,25,1
16563587,23096959,162,1
16563587,23727431,14,1
16563587,250652185,15,1
16563587,273550906,11,1
16563587,274116286,11,1
16563587,274705319,21,1
16563587,27729907,77,1
16563587,27929056,48,1
16563587,352804165,17,1
16563587,3698588,30,1
16563587,394028369,10,1
16563587,408656417,10,1
16563587,422379561,52,1
16563587,42610470,18,1
16563587,438013940,23,1
16563587,470755469,16,1
16563587,48004987,64,1
16563587,49441405,55,1
16563587,50565430,21,1
16563587,51905353,70,1
16563587,54173593,42,1
16563587,54502204,25,1
16563587,571342238,273,1
16563587,63925755,14,1
16563587,645378455,18,1
16563587,69170505,12,1
16563587,80430781,14,1
16563587,8507859,92,1
16563587,9120526,77,1
16563587,927442,105,1
166282681,166515022,836,1
166515022,166763279,10,1
166515022,167949879,14,1
166515022,182849188,35,1
166515022,19961085,12,1
166515022,206444,12,1
166515022,20675635,10,1
166515022,236570369,11,1
166515022,35144191,15,1
166515022,4681328,22,1
166515022,5349565,176,2
166515022,8024331,15,1
167317243,41986369,16,1
167499157,41986369,74,1
167499157,48833910,11,1
167615437,50874442,127,1
1680733,334274271,19,1
1680733,77385607,16,1
168736310,334274271,2177,1
16907502,60377070,18,1
170411418,385634291,19,1
17165658,182849188,81,1
17165658,19684359,17,1
17165658,20300177,12,1
17165658,2045207,24,1
17165658,206444,17,1
17165658,206483,11,1
17165658,20675636,17,1
17165658,212465715,31,1
17165658,23357588,34,1
17165658,23418517,17,1
17165658,2604249,11,1
17165658,27729926,11,1
17165658,279553,16,1
17165658,27994296,15,1
17165658,2888818,55,1
17165658,28900400,32,1
17165658,3038937,14,1
17165658,31339163,38,1
17165658,31933589,23,1
17165658,33880218,16,1
17165658,35700771,39,1
17165658,38829639,41,1
17165658,388946490,175,1
17165658,42300713,33,1
17165658,45423600,29,1
17165658,481429011,51,1
17165658,501687,15,1
17165658,51584791,55,1
17165658,51905353,32,1
17165658,51905729,14,1
17165658,537800,18,1
17165658,538656848,10,1
17165658,5695907,36,1
17165658,6207167,15,1
17165658,63044524,20,1
17165658,65252,10,1
17165658,6934395,30,1
17165658,7613257,17,1
17165658,82301030,23,1
17165658,858127,48,1
17165658,86870924,19,1
17165658,93290292,15,1
17170044,3786237,112,1
17192780,344711168,17,1
17224514,6083792,10,1
172456427,60246359,21,1
172750723,334274271,12,1
173055585,351806852,13,1
17359057,6358188,10,1
173709830,60377070,22,1
17391973,259542436,34,1
177139928,358917318,13,1
177428838,453068084,21,1
177727591,385634291,21,1
17812502,334274271,32,1
178199416,2649214,13,1
17884290,30449481,16,1
178956163,220186120,14,1
18128548,30449481,19,1
18128548,396867188,22,1
18210201,268163609,145,1
182849188,219891102,18,1
182849188,2888818,10,1
182849188,414411552,19,1
18369373,220186120,22,1
184148355,496817075,13,1
185861173,385634291,76,1
185861173,6838921,79,1
186765948,77385607,14,1
187086161,385634291,93,1
187086161,396856161,20,1
187086161,422821402,92,1
187086161,6838921,74,1
18765044,41986369,28,1
18765044,422821402,12,1
18891741,31315021,13,1
189012294,911980,40,1
189476904,357707809,14,1
189476904,75425073,56,1
189621607,385634291,14,1
190416463,86868560,21,1
191163758,334274271,13,1
1917262,235075339,14,1
1917262,274753366,22,1
1917262,4044891,33,1
1917262,40667593,10,1
1917262,8485842,14,1
191751505,208728772,56,1
191817804,388946490,13,1
191942768,396867188,25,1
19257422,450439333,26,1
19257422,60377070,365,1
192624594,30449481,25,1
192624594,385634291,44,1
192624594,6838921,10,1
192625306,30449481,11,1
192625525,268163609,10,1
192625525,30449481,11,1
192625525,31315021,10,1
192625525,496817075,407,1
192625955,357707809,11,1
192626254,357707809,12,1
19308738,77385607,27,1
193784341,198683574,125,1
193784379,198683574,17,1
195619075,390240657,143,1
195619075,46234189,38,1
195619075,71133469,2297,1
196057608,334274271,19,1
19608522,385634291,75,1
19608522,396856161,25,1
19618350,581145740,12,1
196414933,385634291,143,1
197176365,334274271,21,1
197814629,268163609,34,1
197814629,30449481,19,1
197814629,334274271,15,1
197814629,357707809,22,1
197814629,358917318,11,1
197814629,3786237,306,1
197814629,385634291,42,1
197814629,396867188,11,1
197814629,422821402,20,1
197814629,6838921,28,1
197814629,7437073,10,1
197814629,77385607,10,1
19794451,6838921,15,1
19816070,30071587,13,1
198288319,268163609,130,1
198288319,496817075,21,1
198288319,510375115,24,1
198466472,4463453,23,1
198466472,67836789,19,1
198466472,84517704,10,1
198683574,27522241,13,1
198683574,27522251,14,1
198683574,27522271,19,1
198683574,27522295,13,1
198683574,27576132,31,1
198683574,27729907,15,1
198683574,7363211,19,1
19961085,206371,19,1
19961085,21193524,15,1
19961085,250110282,15,1
19961085,363150,23,1
199684110,357707809,19,1
200299178,334274271,34,1
200299178,357707809,22,1
20037550,60377070,77,1
200437066,334274271,17,1
200511807,268163609,90,1
20089857,33880730,16,1
20089857,5695907,20,1
201455508,41986369,27,1
201455508,48833910,11,1
201517171,268163609,190,1
201584981,268163609,114,1
201584981,49412556,26,1
20188259,268163609,31,1
202127068,507775,41,1
20275545,60377070,11,1
20300177,206686299,15,1
20300177,334274271,77,1
20300177,346976717,12,1
20300177,3786237,27,1
20300177,45732002,14,1
20300177,9342529,12,1
20321688,334274271,69,1
203461509,334274271,25,1
204020546,75425073,24,1
2045207,206444,12,1
2045207,334274271,11,1
2045207,3786237,16,1
2045207,45732002,12,1
2045207,7437073,19,1
2045207,77385607,49,1
204727434,911980,10,1
20491274,422821402,68,1
20587599,21193524,27,1
20587599,257240581,11,1
20587599,557980,11,1
20587599,569293325,49,1
206339,77385607,12,1
206341,206686299,17,1
206341,77385607,35,1
206371,334274271,19,1
206371,3786237,24,1
206371,6358188,25,1
206372614,86868560,14,1
206417,337986406,11,1
206417,374927,14,1
206417,680799,12,1
206417,87245701,11,1
206424,85817267,13,1
206444,240846407,18,1
206483,334274271,64,1
206483,3786237,126,1
206686299,21193524,12,1
206686299,2888818,12,1
206686299,35699223,14,1
206686299,6207167,48,1
206686299,85795396,12,1
20675635,388946490,12,1
208728772,20904437,14,1
208728772,213633271,10,1
208728772,27522271,19,1
208728772,442441672,28,1
208728772,510182286,24,1
208728772,518393338,13,1
208728772,51905353,17,1
208728772,676419965,13,1
20929025,30449481,14,1
209881172,9342529,10,1
210716005,30449481,81,1
210716005,5844474,13,1
21125024,25780780,17,1
212936374,268163609,93,1
212936374,496817075,14,1
212936374,510375115,21,1
21338027,30449481,38,1
213836768,268163609,150,1
213836768,496817075,14,1
214487724,268163609,21,1
215566462,6838921,37,1
216283035,351806852,14,1
216494674,268163609,59,1
216797458,268163609,10,1
21946092,268163609,34,1
21946092,351806852,11,1
21985130,35700771,22,1
220186120,220391287,10,1
220186120,27522241,93,1
220186120,27522271,79,1
220186120,27522282,25,1
220186120,27729907,59,1
220186120,33352201,19,1
220186120,3698588,14,1
220186120,45938451,13,1
220186120,51620247,20,1
220186120,63625434,21,1
220186120,7823926,32,1
220391287,334274271,27,1
220391287,3786237,121,1
221058575,351806852,26,1
221058575,453068084,39,1
221862,77385607,18,1
221981891,75425073,59,1
22266795,6358188,15,1
223485832,358917318,61,1
223490876,388946490,125,1
22360263,268163609,41,1
22360263,357707809,22,1
22360263,49412556,23,1
223708643,334274271,10,1
224021526,385634291,22,1
224021526,6838921,12,1
224289715,385634291,48,1
22432442,268163609,37,1
22446506,268163609,105,1
22446506,357707809,62,1
22446506,496817075,33,1
224592887,388946490,162,1
22525984,77385607,10,1
226417174,496817075,12,1
22684655,346976717,11,1
22700054,385634291,53,1
22734848,358917318,21,1
22734848,453068084,90,1
22855240,385634291,43,1
22855240,6838921,13,1
228908078,660776503,23,1
23050110,3786237,39,1
23086893,60246359,13,1
23088740,2649214,51,1
23088740,357707809,16,1
23096959,41986369,20,1
23096959,6838921,11,1
23206290,3786237,95,1
23206290,77385607,83,1
232539879,6838921,17,1
232539879,94593596,12,1
233147271,86868560,35,1
23357588,334274271,65,1
23357588,3786237,175,1
23357588,41986369,42,1
23357588,45732002,53,1
23357588,7437073,59,1
23357588,77385607,90,1
23622727,6838921,33,1
236824540,95817032,26,1
236953554,268163609,19,1
2394379,396867188,10,1
24000265,31315021,27,1
240315046,635374751,17,1
24063576,411979983,13,1
24063576,449924556,460,1
2410676,268163609,106,1
2410676,357707809,35,1
2410676,41349039,10,1
2410676,9342529,14,1
241092383,268163609,11,1
241092383,357707809,32,1
241092383,510375115,15,1
242202166,385634291,36,1
242202166,396856161,29,1
242202166,422821402,25,1
242202166,6838921,30,1
242923372,385634291,17,1
2430537,30449481,29,1
244123773,7437073,52,1
24494032,30753733,18,1
24494032,49876476,11,1
24560307,357707809,13,1
24560307,5844474,39,1
24725038,268163609,29,1
24725038,357707809,47,1
24747723,259542436,38,1
24776728,388946490,186,1
248790367,396856161,11,1
249098063,3786237,26,1
249466377,95817032,46,1
249512698,30449481,19,1
24963784,75425073,20,1
2524488,286732086,22,1
2524488,310611,16,1
2524488,4228808,14,1
2524488,509836733,29,1
2524488,5695907,16,1
252650176,99919302,11,1
253290187,496817075,23,1
25417964,385634291,27,1
2544305,30449481,13,1
2544305,334274271,33,1
254774075,496817075,83,1
254865575,334274271,14,1
255043026,510375115,14,1
257044091,77385607,26,1
25777459,268163609,93,1
25780780,29849956,52,1
25780780,421101922,11,1
25872841,385634291,25,1
25881432,334274271,19,1
258933250,496817075,63,1
259445878,30449481,16,1
259445878,396867188,10,1
259445878,6838921,22,1
259542436,26038648,61,1
259542436,26255337,16,1
259542436,39840932,65,1
259542436,4879511,31,1
2601923,31315021,38,1
26039547,298763623,16,1
2604249,9342529,21,1
2606873,357707809,19,1
263411323,75425073,11,1
263463271,7437073,15,1
263991304,334274271,41,1
263991304,3786237,400,1
2649214,39283837,26,1
265444433,60377070,169,1
26731785,268163609,33,1
268163609,273741035,31,1
268163609,27974762,56,1
268163609,288485773,14,1
268163609,29326047,103,1
268163609,293399774,19,1
268163609,29551708,33,1
268163609,301727732,39,1
268163609,31315121,656,1
268163609,31986253,115,1
268163609,32363061,10,1
268163609,324754415,10,1
268163609,337259586,24,1
268163609,33832372,106,1
268163609,35894511,188,1
268163609,36046479,40,1
268163609,363245888,12,1
268163609,42685794,26,1
268163609,461884381,12,1
268163609,496125850,15,1
268163609,528342545,17,1
268163609,534354967,16,1
268163609,53757700,57,1
268163609,55077261,95,1
268163609,572035838,33,1
268163609,57920736,93,1
268163609,607218649,23,1
268163609,62350380,196,1
268163609,665462497,10,1
268163609,67836789,243,1
268163609,74896462,51,1
268163609,77428506,13,1
268163609,77956507,21,1
268163609,79874569,24,1
268163609,84517704,15,1
268163609,84983058,68,1
268163609,89145566,43,1
268163609,94262864,64,1
268163609,94702898,48,1
268163609,96382888,31,1
268179753,496817075,20,1
268833180,77385607,10,1
269073533,48833910,16,1
27096595,385634291,340,1
27096595,396856161,27,1
27096595,6838921,11,1
27146054,41986369,25,1
27146054,422821402,21,1
274135349,385634291,19,1
2744972,30449481,47,1
27522241,385634291,33,1
27522241,41986369,13,1
27522271,385634291,89,1
27522271,41349039,64,1
27522271,41986369,11,1
27522271,454981666,14,1
27522271,6838921,10,1
27522282,422821402,10,1
27522282,94593596,40,1
27522295,30449481,103,1
27522295,41986369,10,1
27576132,344711168,652,1
27576132,385634291,299,1
27576132,396856161,11,1
27576132,6838921,24,1
275993885,351806852,11,1
276293034,553234221,22,1
27729907,385634291,127,1
27729907,396856161,20,1
27729907,454981666,51,1
27729907,507829396,11,1
27729907,6838921,18,1
27729926,334274271,26,1
27729926,3786237,34,1
27729926,77385607,250,1
27889694,388946490,161,1
27890669,357707809,59,1
27890669,453068084,10,1
27890669,510375115,21,1
280276446,388946490,54,1
28233924,6838921,10,1
283187,77385607,20,1
283325,346976717,12,1
283325,396867188,27,1
283325,77385607,11,1
28352089,385634291,53,1
28366058,41349039,605,1
283874375,388946490,11,1
28478401,581145740,12,1
28478420,581145740,12,1
284949442,9342529,11,1
285320805,60246359,11,1
285867319,442441933,15,1
287010125,6838921,13,1
28710753,31315021,20,1
287743349,357707809,21,1
287743349,3786237,196,1
287743349,385634291,48,1
287743349,77385607,11,1
288485773,357707809,17,1
288485773,385634291,27,1
288485773,77385607,13,1
288487894,357707809,19,1
288487894,385634291,25,1
288487894,77385607,11,1
289034413,385634291,58,1
28992330,334274271,76,1
28992330,3786237,154,1
290227969,346976717,1851,1
290227969,95614931,1575,1
29102367,396867188,14,1
29102367,77385607,110,1
291038744,77385607,15,1
291675222,381967785,20,1
292834673,60246359,10,1
29287955,496817075,14,1
2928948,334274271,186,1
2931111,30449481,27,1
295544240,357707809,20,1
295620416,60377070,153,1
295810364,351806852,36,1
295909370,5349565,132,1
296977951,357707809,19,1
297347284,911980,50,1
298565987,357707809,28,1
299220196,442441933,24,1
299276319,911980,132,1
30062547,357707809,35,1
30062547,510375115,21,1
302827809,367261349,35,1
302827809,459025965,18,1
302827809,616438432,12,1
302827809,637657854,77,1
302827809,67836789,17,1
302827809,717364780,15,1
3037907,77385607,27,1
30381877,75425073,30,1
3043048,75425073,10,1
304465394,496817075,17,1
30449481,3180553,38,1
30449481,35700771,19,1
30449481,3689718,15,1
30449481,37198116,35,1
30449481,51620247,51,1
30449481,550879823,50,1
30449481,6093316,92,1
30449481,6247705,39,1
30449481,62774726,120,1
30449481,65794292,23,1
30449481,73235061,20,1
30449481,75104123,188,1
30449481,77385607,11,1
30449481,7813441,10,1
30449481,7961991,21,1
30449481,80084817,20,1
30449481,80369237,63,1
30449481,9864166,14,1
30449481,9891249,56,1
304537599,41986369,20,1
305513242,573587193,22,1
305513242,607714334,69,1
3060959,41349039,375,1
30667298,510375115,23,1
30676648,3786237,139,1
306769011,357707809,31,1
307213173,546206616,10,1
3072629,31315021,94,1
30753733,9454675,45,1
30765938,388946490,18,1
308027791,453068084,30,1
309513886,442441933,11,1
310611,7437073,21,1
31288958,385634291,49,1
31315021,33146014,18,1
31315021,34351530,60,1
31315021,37489525,95,1
31315021,42155092,65,1
31315021,46122460,118,1
31315021,47711273,19,1
31315021,68465360,118,1
31315021,7444861,41,1
31315021,7613257,51,1
31315021,7730829,38,1
31315021,7895139,33,1
31315021,98346885,65,1
31315021,997338,81,1
31315021,9993757,17,1
31315121,357707809,42,1
31315121,496817075,107,1
31315121,510375115,39,1
31323121,507775,21,1
31339163,3786237,18,1
3149948,791522,12,1
3168225,385634291,19,1
31927407,388946490,12,1
31986253,453068084,10,1
32193707,351806852,13,1
322322404,41349039,24,1
323231688,453068084,200,1
323231688,478288303,75,1
323231688,480217156,14,1
32363061,357707809,40,1
32363061,496817075,13,1
323830219,334274271,2002,1
323902156,453068084,10,1
324754415,496817075,13,1
32538871,334274271,58,1
32538871,77385607,43,1
32741886,3786237,10,1
327628682,60377070,91,1
3320710,388946490,39,1
3320710,453068084,40,1
334274271,334274317,18,1
334274271,335342,51,1
334274271,340449391,21,1
334274271,341631350,196,2
334274271,354080507,2000,1
334274271,354090893,2039,1
334274271,354094562,2007,1
334274271,354123935,1999,1
334274271,354125784,2006,1
334274271,354126484,2008,1
334274271,354129853,2017,1
334274271,354136133,2005,1
334274271,355015152,2004,1
334274271,355027797,1997,1
334274271,355030559,2009,1
334274271,355032495,2006,1
334274271,355033263,2002,1
334274271,355035157,2009,1
334274271,357723952,104,1
334274271,358735095,10,1
334274271,362220956,18,1
334274271,364003912,114,1
334274271,373315216,35,1
334274271,383875967,2014,1
334274271,388880322,20,1
334274271,408582115,14,1
334274271,438096425,10,1
334274271,457577836,1431,1
334274271,45903621,20,1
334274271,487074429,114,1
334274271,490557661,2005,1
334274271,49442815,48,1
334274271,506746332,23,1
334274271,507775,61,1
334274271,5152285,12,1
334274271,540262346,2012,1
334274271,567524986,11,1
334274271,5695907,37,1
334274271,627172485,11,1
334274271,645237,11,1
334274271,66030306,105,1
334274271,68291529,90,1
334274271,688586835,858,1
334274271,9156682,45,1
334585300,60246359,13,1
3370128,3786237,32,1
3370128,396867188,47,1
3370128,6358188,58,1
33745913,3786237,15,1
33816473,3786237,32,1
33816473,396867188,52,1
33816473,77385607,210,1
33832372,357707809,84,1
33832372,496817075,29,1
338640454,496817075,16,1
339993112,424470669,11,1
339993112,432887132,17,1
339993112,467348529,18,1
339993112,496855992,11,1
339993112,515524532,12,1
339993112,588763142,17,1
34007506,3786237,10,1
3407114,6358188,11,1
341374920,341631350,15,1
341631350,38973038,41,1
341631350,50229487,26,2
341631350,507775,122,1
341631350,631805185,19,1
341631350,643590386,11,1
341631350,704252738,35,1
341631350,9342529,39,1
343068432,496817075,31,1
3432266,3786237,48,1
3432266,4604367,62,1
343429164,351806852,101,1
343648351,95614931,11,1
343853530,388946490,14,1
34391331,911980,15,1
34414315,75425073,12,1
344711168,52034309,18,1
34685800,4604367,65,1
346907737,911980,10,1
346976717,745749,27,1
3470471,6838921,12,1
348845583,6838921,58,1
34933072,385634291,123,1
350416584,86868560,28,1
35144191,60246359,10,1
351806852,352436122,14,1
351806852,358067277,35,1
351806852,393159516,19,1
351806852,397776424,14,1
351806852,439348478,24,1
351806852,472775521,18,1
351806852,5362370,12,1
351806852,545901542,232,1
351806852,554148984,33,1
351806852,58707550,30,1
351806852,614746444,12,1
351806852,63990206,10,1
351806852,646423,23,1
351806852,670333862,11,1
351806852,678995193,16,1
351806852,681638483,11,1
351806852,724712,51,1
351806852,91860126,22,1
351806852,927442,19,1
35197979,462329984,80,1
35197979,6934395,45,1
35440404,388946490,18,1
35440404,60246359,11,1
3544424,41349039,64,1
355197173,911980,15,1
35697461,77385607,12,1
35698342,77385607,25,1
35698408,3786237,39,1
35699223,3786237,14,1
35700771,396867188,25,1
357284448,453068084,45,1
357707809,412240914,94,1
357707809,41473746,17,1
357707809,4463453,26,1
357707809,47065398,47,1
357707809,47371310,13,1
357707809,49412556,92,2
357707809,501776658,12,1
357707809,534354967,17,1
357707809,536871914,19,1
357707809,53757700,22,1
357707809,618575799,36,1
357707809,67836789,229,1
357707809,68294628,56,1
357707809,76214676,68,1
357707809,84517704,28,1
357707809,93757589,13,1
357707809,94702898,85,1
357707809,95902102,21,1
358917250,358917318,381,1
358917250,453068084,176,1
358917250,496817075,13,1
358917250,510375115,137,1
358917318,359780596,17,1
358917318,401850253,23,1
358917318,420965027,12,1
358917318,433273516,54,1
358917318,480217156,48,2
358917318,483457655,84,1
358917318,494107715,13,1
358917318,496817075,19,1
358917318,510375115,18,1
358917318,512901698,23,1
358917318,515951203,14,1
358917318,51905338,12,1
358917318,51905353,10,1
358917318,536457941,21,1
358917318,675835930,10,1
358917318,67836789,10,1
358917318,94262864,30,1
35894511,496817075,48,1
35894511,510375115,16,1
359952601,50874442,12,1
363150,84458512,54,1
36502,50874442,16,1
36747447,453068084,25,1
3678731,388946490,111,1
3678731,75425073,268,1
36883823,75425073,35,1
36960321,55072677,13,1
36960321,61153677,19,1
371068214,385634291,19,1
372172254,453068084,37,1
37326770,385634291,51,1
37326770,6838921,47,1
37510432,41986369,10,1
376172960,911980,43,1
3786237,38488726,67,1
3786237,47973088,16,1
3786237,4950187,11,1
3786237,49867147,66,1
3786237,507775,53,1
3786237,52556695,30,1
3786237,5663857,42,1
3786237,574877,40,1
3786237,6207167,857,1
3786237,66311167,14,1
3786237,6818061,216,1
3786237,80640282,96,1
3786237,832680,131,1
3786237,88962042,12,1
3786237,95247959,25,1
38488726,77385607,66,1
385183546,385634291,59,1
385634291,392728007,201,1
385634291,393288578,271,1
385634291,399925381,22,1
385634291,45226685,38,1
385634291,473555568,36,1
385634291,51620247,37,1
385634291,56420035,11,1
385634291,6051812,36,1
385634291,6247705,17,1
385634291,62635533,15,1
385634291,6838921,316,2
385634291,71133469,30,1
385634291,75649634,31,1
385634291,75744278,17,1
385634291,7823926,35,1
385634291,85069480,20,1
385634291,94148671,13,1
388946490,404194456,47,1
388946490,416051323,153,1
388946490,416091141,10,1
388946490,435375021,28,1
388946490,440262866,12,1
388946490,4463453,52,1
388946490,4524181,594,1
388946490,452825945,30,1
388946490,479292237,11,1
388946490,483500211,14,1
388946490,51905353,15,1
388946490,5349565,568,2
388946490,577850152,201,1
388946490,58146669,144,1
388946490,60075331,13,1
388946490,65046532,149,1
388946490,6930489,193,1
388946490,6934395,114,1
388946490,80179724,146,1
388946490,89943162,156,1
389256017,453068084,81,1
39398382,6838921,11,1
39468142,60377070,50,1
39468142,6838921,10,1
396856161,451990498,16,1
396856161,51620247,16,1
396856161,58821882,14,1
396856161,7823926,13,1
396867188,4950187,15,1
396867188,5103785,42,1
396867188,537800,14,1
396867188,60111626,46,1
396867188,6207167,40,1
396867188,715605,15,1
396867188,832680,104,1
40345658,453068084,37,1
407242578,496817075,407,1
411979983,4463453,12,1
41349039,596892,11,1
41349039,71253874,66,1
41349039,7823926,17,1
41349039,80087836,55,1
415776566,453068084,13,1
41986369,46394186,14,1
41986369,48833910,312,2
41986369,52034309,28,1
41986369,53311716,93,1
41986369,542413372,16,1
41986369,6247705,16,1
41986369,635979215,28,1
41986369,63995402,13,1
41986369,64188788,24,1
41986369,6503675,42,1
41986369,6838921,39,1
420777439,453068084,12,1
421101922,6838921,10,1
422821402,434919155,21,1
422821402,4463453,15,1
422821402,457946259,22,1
422821402,52034309,23,1
422821402,560750575,326,1
422821402,81355383,21,1
422821402,83252983,54,1
422821402,9120526,11,1
42406144,95817032,25,1
42652543,4407129,16,1
42680391,911980,14,1
433273516,453068084,20,1
433273516,496817075,57,1
434708679,661663226,226,1
440338104,453068084,19,1
442441933,91151442,22,1
443772950,661663226,49,1
4463453,453068084,71,1
4463453,5844474,27,1
4463453,6358188,11,1
44667904,911980,43,1
44781140,644742603,28,1
44781140,927442,74,1
4508653,9595928,11,1
45226685,94593596,18,1
453068084,45721011,21,1
453068084,459025965,11,1
453068084,467834013,21,1
453068084,483142984,21,1
453068084,483667431,34,1
453068084,557135476,67,1
453068084,569638288,17,1
453068084,570036022,18,1
453068084,724712,20,1
453068084,78690338,11,1
453068084,927442,40,1
453068084,95217595,34,1
453154263,86868560,14,1
45732002,4950187,13,1
45732002,5695907,30,1
45732002,6207167,35,1
45732002,832680,16,1
459025965,480217156,20,1
4604367,49442815,12,1
4604367,5695907,10,1
4604367,6973491,27,1
462329984,6934395,444,1
462329984,75244322,10,1
46916188,9342529,24,1
469914860,496817075,33,1
47371310,49412556,10,1
475029937,60246359,68,1
480217156,556677627,21,1
480217156,599057968,34,1
480217156,6838921,14,1
481324763,60377070,71,1
48833910,53311716,32,1
48833910,53628424,33,1
48833910,61524054,14,1
48833910,6934395,10,1
48833910,78835813,15,1
488802963,528766495,10,1
49401416,534354967,16,1
49412556,76214676,28,1
4950187,77385607,69,1
4950187,9342529,19,1
49662222,49876476,16,1
496817075,53757700,11,1
496817075,57920736,41,1
496817075,62044191,18,1
496817075,66767732,22,1
496817075,67836789,48,1
496817075,70352157,10,1
496817075,73561616,17,1
496817075,97316835,17,1
50140860,77385607,26,1
501687,9342529,29,1
507775,52318322,11,1
507775,60529075,12,1
507775,7833168,169,1
507775,9342529,582,1
50874442,927442,1835,1
50874442,997338,54,1
510375115,55077261,15,1
510375115,62350380,28,1
510375115,67836789,63,1
510375115,79874569,14,1
510463319,510607652,26,1
511691380,607441698,58,1
520096046,528806629,12,1
520709428,99919302,34,1
530730261,6838921,16,1
537800,60377070,354,1
537800,6358188,13,1
537800,77385607,64,1
538480445,60246359,30,1
541433150,581145740,111,1
542714,737030210,10,1
543276238,586220513,11,1
544719261,86868560,23,1
546206616,552661142,20,1
546206616,602665730,523,1
546206616,666590450,11,1
546206616,676410846,10,1
546206616,96431386,13,1
55401642,714074,25,1
56729247,6358188,26,1
569041,911980,46,1
5695907,60377070,19,1
5695907,77385607,38,1
569649085,6838921,11,1
578021174,581145740,11,1
581145740,585106802,18,1
581145740,60246359,31,1
5870069,60246359,18,1
601871355,60246359,12,1
60246359,606433492,26,2
60246359,63421322,25,1
60246359,678214856,103,1
60246359,75821432,22,1
60377070,99940552,25,1
606125384,6296790,11,1
6093316,639434928,17,1
6207167,73235061,29,1
6207167,7437073,22,1
6207167,77385607,49,1
6247705,6838921,14,1
62576980,911980,79,1
6358188,832680,10,1
639434928,90796663,13,1
652705781,79317191,13,1
66509131,6838921,33,1
66855798,75425073,26,1
6765281,77385607,36,1
679662,6838921,20,1
68312233,86868560,38,1
6838921,7823926,65,1
6838921,80425943,12,1
6838921,815644,13,1
6838921,93561151,28,1
707243382,94593596,23,1
72087685,75425073,162,1
72889410,9342529,12,1
73235061,832680,18,1
738250,8335020,12,1
7437073,87859908,36,1
75425073,931039,27,1
75425073,94483360,12,1
77385607,832680,17,1
78870047,911980,13,1
80087836,93163073,14,1
83502071,84240850,579,1
84240850,927442,39,1
86868560,91851641,39,1
91262163,91715647,10,1
9342529,96965870,14,1
