future_relative_path,artifact_kind,columns_or_keys,unit_contract,execution_status
S1_evidence_universe/evidence_universe_flow.csv,flow_table,"stage|count|unit|measure","RECORD for universe counts; REFERENCE_RECORD plus AGGREGATED_EDGE_WEIGHT for evidence weight; EDGE_COUNT for structural counts",CONTRACT_ONLY_NOT_WRITTEN
S1_evidence_universe/event_type_x_target_membership_status.csv,cross_tab,"event_type|target_membership_status|count|overall_share|within_row_share|within_status_share",REFERENCE_RECORD,CONTRACT_ONLY_NOT_WRITTEN
S1_evidence_universe/source_entity_type_x_target_membership_status.csv,cross_tab,"source_entity_type|target_membership_status|count|overall_share|within_row_share|within_status_share",REFERENCE_RECORD,CONTRACT_ONLY_NOT_WRITTEN
S1_evidence_universe/target_entity_type_x_target_membership_status.csv,cross_tab,"target_entity_type|target_membership_status|count|overall_share|within_row_share|within_status_share",REFERENCE_RECORD,CONTRACT_ONLY_NOT_WRITTEN
S1_evidence_universe/event_type_x_quotient_eligibility.csv,cross_tab,"event_type|quotient_eligibility|count|overall_share|within_row_share|within_status_share",REFERENCE_RECORD,CONTRACT_ONLY_NOT_WRITTEN
S1_evidence_universe/source_entity_type_x_quotient_eligibility.csv,cross_tab,"source_entity_type|quotient_eligibility|count|overall_share|within_row_share|within_status_share",REFERENCE_RECORD,CONTRACT_ONLY_NOT_WRITTEN
S1_evidence_universe/target_entity_type_x_quotient_eligibility.csv,cross_tab,"target_entity_type|quotient_eligibility|count|overall_share|within_row_share|within_status_share",REFERENCE_RECORD,CONTRACT_ONLY_NOT_WRITTEN
S1_evidence_universe/edge_class_counts.csv,classification_table,"edge_class|count|unit",REFERENCE_RECORD,CONTRACT_ONLY_NOT_WRITTEN
S1_evidence_universe/evidence_universe_validation.json,reconciliation_metadata,"source admission|target universe|unit closures|source mismatch after admission",NOT_A_SCIENTIFIC_TABLE,CONTRACT_ONLY_NOT_WRITTEN
