atomic_forensic_id,semantic_claim_id,subclaim_id,manuscript_version,section,location,exact_text,composite_class,numeric_relation_subject,numerator_or_components,denominator_or_total,implied_relation,exact_recomputed_value,display_transform,displayed_value,arithmetic_closure,population_or_universe,population_closure,authority_files,authority_keys_or_rows,authority_coherence,old_vs_qa_status,unit_semantics,reconciliation_relevance,manual_review_required,notes
A001,WIREDTIGER_SELF_RATIO,ratio,OLD,RQ1,lines 434;440,"WiredTiger 的自引率为 84.08%（100,190 条引用中 84,239 条为自引）。",RATIO_WITH_COUNTS,self-reference ratio,84239,100190,84239/100190,0.8407924942609042818644575307,ROUND_2_PERCENT,84.08%,PASS,historical relation-row universe,FAIL,data/github_osdb_data/analysis_results/issue_referencing_metrics/df_issue_referencing_metrics.csv;docs/freeze/ch5_refq_repository_identity_correction_c2_relation_diff_v1.csv,total_ref_count;relation_rows_v1;relation_rows_v2,HISTORICAL_ONLY,BOTH_DISPLAY_EQUAL_DIFFERENT_SUPPORT,relation-row count,OLD_REPLACE_WITH_CURRENT_PROFILE,YES,100190 is historical relation-row support and not current Reference-record support.
A002,WIREDTIGER_SELF_RATIO,ratio,QA,RQ1,line 434,"WiredTiger 的自引率为 84.08%（15,332 条引用中 12,891 条为自引）。",RATIO_WITH_COUNTS,self-reference ratio,12891,15332,12891/15332,0.8407905035220453952517610227,ROUND_2_PERCENT,84.08%,PASS,current P0-v3 project Reference profile,PASS,outputs/reference_quotient_p0_corrected_v3/rq1_project_reference_profiles.csv,project_id=2944302;wiredtiger/wiredtiger;self_reference_ratio,SINGLE_FROZEN_AUTHORITY,BOTH_DISPLAY_EQUAL_DIFFERENT_SUPPORT,Reference record count,KEEP_QA_CURRENT_VALUES,NO,Current row is the sole authority.
A003,WIREDTIGER_SELF_RATIO,partition,QA,RQ1,line 434,"12,891 self + 19 external-project + 1,096 non-project + 1,326 unresolved = 15,332.",TOTAL_WITH_PARTITION,profile component partition,12891;19;1096;1326,15332,12891+19+1096+1326=15332,15332,INTEGER_FORMAT,15332,PASS,current P0-v3 project Reference profile,PASS,outputs/reference_quotient_p0_corrected_v3/rq1_project_reference_profiles.csv,project_id=2944302;component fields,SINGLE_FROZEN_AUTHORITY,OLD_STALE_QA_CORRECT,Reference record partition,KEEP_QA_CURRENT_VALUES,NO,Exact row-sum closure.
A004,L8_EVIDENCE_FLOW,scan_admission,QA,methods,lines 101-103;114;175,"3,748,078 scanned input records, 120 out-of-seed, and 3,747,958 admitted records.",PIPELINE_FLOW,source-admission flow,3748078;120,3747958,3748078-120=3747958,3747958,INTEGER_FORMAT,3747958,PASS,current S1 source-admission universe,PASS,supplemental/reference_quotient_v2/outputs_p0v3/S1_evidence_universe/evidence_universe_flow.csv,reference_records_before_source_admission;out_of_seed_source_observation_reference_records;admitted_source_observation_reference_records,MULTIPLE_FROZEN_AUTHORITIES_SAME_UNIVERSE,OLD_STALE_QA_CORRECT,Reference record count,KEEP_CURRENT_SCIENCE_USE_FROZEN_WORDING,NO,Exact current admission closure.
A005,L8_EVIDENCE_FLOW,target_partition,QA,methods,lines 101-103;114;175,"1,586,047 project-mappable + 1,686,729 non-project + 475,182 unresolved = 3,747,958.",TOTAL_WITH_PARTITION,target classification partition,1586047;1686729;475182,3747958,1586047+1686729+475182=3747958,3747958,INTEGER_FORMAT,3747958,PASS,current S1 target classification universe,PASS,supplemental/reference_quotient_v2/outputs_p0v3/S1_evidence_universe/evidence_universe_flow.csv,target_project_mappable_records;target_non_project_records;target_unresolved_records;admitted_source_observation_reference_records,MULTIPLE_FROZEN_AUTHORITIES_SAME_UNIVERSE,OLD_STALE_QA_CORRECT,Reference record count,KEEP_CURRENT_SCIENCE_USE_FROZEN_WORDING,NO,Target ambiguous count is zero and is not an omitted component.
A006,L8_EVIDENCE_FLOW,weight_partition,QA,RQ2,lines 487;493-496;739,"1,447,073 self-loop evidence weight + 138,974 cross-project evidence weight = 1,586,047.",TOTAL_WITH_PARTITION,eligible evidence-weight partition,1447073;138974,1586047,1447073+138974=1586047,1586047,INTEGER_FORMAT,1586047,PASS,current P0-v3 quotient universe,PASS,outputs/reference_quotient_p0_corrected_v3/quotient_construction_audit.json,refq_weight_including_self_loops;self_loop_evidence_weight;refq_cross_project_weight,MULTIPLE_FROZEN_AUTHORITIES_SAME_UNIVERSE,OLD_STALE_QA_CORRECT,unit-weight Reference-record evidence,KEEP_CURRENT_SCIENCE_USE_FROZEN_WORDING,NO,Weight is not an edge count.
A007,REFQN_EDGE_PARTITION,full_directed_edges,OLD,RQ2,line 534,"289 self-loop edges + 9,605 cross-project directed edges = 9,894 directed edges.",TOTAL_WITH_PARTITION,directed edge partition,289;9605,9894,289+9605=9894,9894,INTEGER_FORMAT,9894,PASS,historical RefQ directed graph,FAIL,outputs/reference_quotient_p0_frozen/quotient_construction_audit.json,refq_self_loops;refq_directed_cross_project_edges;refq_directed_edges_including_self_loops,HISTORICAL_ONLY,OLD_STALE_QA_CORRECT,EDGE_COUNT,OLD_REPLACE_WITH_CURRENT_GRAPH,YES,Historical relation universe.
A008,REFQN_EDGE_PARTITION,full_directed_edges,QA,RQ2,line 487,"289 self-loop edges + 9,595 cross-project directed edges = 9,884 directed edges.",TOTAL_WITH_PARTITION,directed edge partition,289;9595,9884,289+9595=9884,9884,INTEGER_FORMAT,9884,PASS,current P0-v3 directed graph,PASS,outputs/reference_quotient_p0_corrected_v3/quotient_construction_audit.json,refq_self_loops;refq_directed_cross_project_edges;refq_directed_edges_including_self_loops,SINGLE_FROZEN_AUTHORITY,OLD_STALE_QA_CORRECT,EDGE_COUNT,KEEP_QA_CURRENT_VALUES,NO,Exact current edge-count closure.
A009,REFQN_WEIGHT_PARTITION,total_weight,OLD,RQ2,line 534,"1,447,073 self-loop weight + 139,044 cross-project weight = 1,586,117 total weight.",TOTAL_WITH_PARTITION,eligible evidence-weight partition,1447073;139044,1586117,1447073+139044=1586117,1586117,INTEGER_FORMAT,1586117,PASS,historical RefQ weight universe,FAIL,outputs/reference_quotient_p0_frozen/quotient_construction_audit.json,refq_weight_including_self_loops;refq_self_loop_weight;refq_cross_project_weight,HISTORICAL_ONLY,OLD_STALE_QA_CORRECT,AGGREGATED_EDGE_WEIGHT,OLD_REPLACE_WITH_CURRENT_WEIGHT,YES,Historical weight total is closed but stale.
A010,REFQN_WEIGHT_PARTITION,total_weight,QA,RQ2,line 487,"1,447,073 self-loop weight + 138,974 cross-project weight = 1,586,047 total weight.",TOTAL_WITH_PARTITION,eligible evidence-weight partition,1447073;138974,1586047,1447073+138974=1586047,1586047,INTEGER_FORMAT,1586047,PASS,current P0-v3 RefQ weight universe,PASS,outputs/reference_quotient_p0_corrected_v3/quotient_construction_audit.json,refq_weight_including_self_loops;refq_self_loop_weight;refq_cross_project_weight,SINGLE_FROZEN_AUTHORITY,OLD_STALE_QA_CORRECT,AGGREGATED_EDGE_WEIGHT,KEEP_QA_CURRENT_VALUES,NO,Exact current weight closure.
A011,EVENT_DISTRIBUTION,compact_sum,OLD,RQ1,lines 388-395,"IssueComment + Push + PullRequest + Issue + Other = 3,748,078.",DISPLAY_AGGREGATION,event compact-table aggregation,1816751;1166027;335538;168892;260870,3748078,1816751+1166027+335538+168892+260870=3748078,3748078,INTEGER_FORMAT;ROUND_2_PERCENT,100.00%,PASS,historical event distribution,FAIL,outputs/reference_quotient_p0_frozen/rq1_event_type_distribution.csv,event_type rows;Other,HISTORICAL_ONLY,OLD_STALE_QA_CORRECT,Reference record distribution,RESTORE_OLD_COMPACT_SCHEMA_CORRECTED_VALUES,YES,Compact schema is technically reconstructible.
A012,EVENT_DISTRIBUTION,full_sum,QA,RQ1,lines 389-398,"All eight current event rows sum to 3,747,958 admitted records.",TOTAL_WITH_PARTITION,event full-distribution sum,1816696;1165990;335530;168876;96690;72597;52761;38818,3747958,sum(current event rows)=3747958,3747958,INTEGER_FORMAT;ROUND_2_PERCENT,100.01% displayed-share sum,PASS,current admitted event distribution,PASS,outputs/reference_quotient_p0_corrected_v3/rq1_event_type_distribution.csv,all eight event_type rows,SINGLE_FROZEN_AUTHORITY,OLD_STALE_QA_CORRECT,Reference record distribution,KEEP_CURRENT_SCIENCE_TABLE_SCHEMA_PENDING_PRESENTATION_AUDIT,NO,Displayed shares sum to 100.01 only from independent rounding.
A013,EVENT_DISTRIBUTION,IssueComment,OLD,RQ1,lines 388-395,"IssueComment | 1,816,751 | 48.47%",RATIO_WITH_COUNTS,event share,1816751,3748078,1816751/3748078,0.484715366115646473,ROUND_2_PERCENT,48.47%,PASS,historical event distribution,FAIL,outputs/reference_quotient_p0_frozen/rq1_event_type_distribution.csv,event_type=IssueCommentEvent,HISTORICAL_ONLY,BOTH_DISPLAY_EQUAL_DIFFERENT_SUPPORT,Reference record share,OLD_REPLACE_WITH_CURRENT_ROW,YES,Support changes in both numerator and denominator.
A014,EVENT_DISTRIBUTION,IssueComment,QA,RQ1,lines 389-398,"IssueComment | 1,816,696 | 48.47%",RATIO_WITH_COUNTS,event share,1816696,3747958,1816696/3747958,0.484716210800654650,ROUND_2_PERCENT,48.47%,PASS,current admitted event distribution,PASS,outputs/reference_quotient_p0_corrected_v3/rq1_event_type_distribution.csv,event_type=IssueCommentEvent,SINGLE_FROZEN_AUTHORITY,BOTH_DISPLAY_EQUAL_DIFFERENT_SUPPORT,Reference record share,KEEP_QA_CURRENT_VALUES,NO,Exact current numerator and denominator.
A015,EVENT_DISTRIBUTION,Push,OLD,RQ1,lines 388-395,"Push | 1,166,027 | 31.11%",RATIO_WITH_COUNTS,event share,1166027,3748078,1166027/3748078,0.311099982444335470,ROUND_2_PERCENT,31.11%,PASS,historical event distribution,FAIL,outputs/reference_quotient_p0_frozen/rq1_event_type_distribution.csv,event_type=PushEvent,HISTORICAL_ONLY,BOTH_DISPLAY_EQUAL_DIFFERENT_SUPPORT,Reference record share,OLD_REPLACE_WITH_CURRENT_ROW,YES,Support changes in both numerator and denominator.
A016,EVENT_DISTRIBUTION,Push,QA,RQ1,lines 389-398,"Push | 1,165,990 | 31.11%",RATIO_WITH_COUNTS,event share,1165990,3747958,1165990/3747958,0.311100071025342333,ROUND_2_PERCENT,31.11%,PASS,current admitted event distribution,PASS,outputs/reference_quotient_p0_corrected_v3/rq1_event_type_distribution.csv,event_type=PushEvent,SINGLE_FROZEN_AUTHORITY,BOTH_DISPLAY_EQUAL_DIFFERENT_SUPPORT,Reference record share,KEEP_QA_CURRENT_VALUES,NO,Exact current numerator and denominator.
A017,EVENT_DISTRIBUTION,PullRequest_source,OLD,RQ1,lines 388-395,"PullRequest | 335,538 | 8.95%",RATIO_WITH_COUNTS,event share,335538,3748078,335538/3748078,0.0895226833593110922,ROUND_2_PERCENT,8.95%,PASS,historical event distribution,FAIL,outputs/reference_quotient_p0_frozen/rq1_event_type_distribution.csv,event_type=PullRequestEvent,HISTORICAL_ONLY,BOTH_DISPLAY_EQUAL_DIFFERENT_SUPPORT,Reference record share,OLD_REPLACE_WITH_CURRENT_ROW,YES,Exact source-event semantics.
A018,EVENT_DISTRIBUTION,PullRequest_source,QA,RQ1,lines 389-398,"PullRequest | 335,530 | 8.95%",RATIO_WITH_COUNTS,event share,335530,3747958,335530/3747958,0.0895234151503298596,ROUND_2_PERCENT,8.95%,PASS,current admitted event distribution,PASS,outputs/reference_quotient_p0_corrected_v3/rq1_event_type_distribution.csv,event_type=PullRequestEvent,SINGLE_FROZEN_AUTHORITY,BOTH_DISPLAY_EQUAL_DIFFERENT_SUPPORT,Reference record share,KEEP_QA_CURRENT_VALUES,NO,Exact source-event semantics.
A019,EVENT_DISTRIBUTION,Issue_source,OLD,RQ1,lines 388-395,"Issue | 168,892 | 4.51%",RATIO_WITH_COUNTS,event share,168892,3748078,168892/3748078,0.0450609619116784656,ROUND_2_PERCENT,4.51%,PASS,historical event distribution,FAIL,outputs/reference_quotient_p0_frozen/rq1_event_type_distribution.csv,event_type=IssuesEvent,HISTORICAL_ONLY,BOTH_DISPLAY_EQUAL_DIFFERENT_SUPPORT,Reference record share,OLD_REPLACE_WITH_CURRENT_ROW,YES,Exact source-event semantics.
A020,EVENT_DISTRIBUTION,Issue_source,QA,RQ1,lines 389-398,"Issue | 168,876 | 4.51%",RATIO_WITH_COUNTS,event share,168876,3747958,168876/3747958,0.0450581356568029845,ROUND_2_PERCENT,4.51%,PASS,current admitted event distribution,PASS,outputs/reference_quotient_p0_corrected_v3/rq1_event_type_distribution.csv,event_type=IssuesEvent,SINGLE_FROZEN_AUTHORITY,BOTH_DISPLAY_EQUAL_DIFFERENT_SUPPORT,Reference record share,KEEP_QA_CURRENT_VALUES,NO,Exact source-event semantics.
A021,TARGET_DISTRIBUTION,compact_sum,OLD,RQ1,lines 413-419,"External Links + PullRequest + Actor + Issue + Commit + Other = 3,748,078.",DISPLAY_AGGREGATION,target compact-table aggregation,1629357;672019;475663;281662;255013;434364,3748078,1629357+672019+475663+281662+255013+434364=3748078,3748078,INTEGER_FORMAT;ROUND_2_PERCENT,100.00%,PASS,historical target distribution,FAIL,outputs/reference_quotient_p0_frozen/rq1_referenced_entity_distribution.csv,entity_type rows;Other,HISTORICAL_ONLY,OLD_STALE_QA_CORRECT,Reference record distribution,RESTORE_OLD_COMPACT_SCHEMA_CORRECTED_VALUES,YES,Compact schema is technically reconstructible.
A022,TARGET_DISTRIBUTION,full_sum,QA,RQ1,lines 408-428,"All 19 current target rows sum to 3,747,958 admitted records.",TOTAL_WITH_PARTITION,target full-distribution sum,19 current target rows,3747958,sum(current target rows)=3747958,3747958,INTEGER_FORMAT;ROUND_2_PERCENT,99.99% displayed-share sum,PASS,current admitted target distribution,PASS,outputs/reference_quotient_p0_corrected_v3/rq1_referenced_entity_distribution.csv,all 19 entity_type rows,SINGLE_FROZEN_AUTHORITY,OLD_STALE_QA_CORRECT,Reference record distribution,KEEP_CURRENT_SCIENCE_TABLE_SCHEMA_PENDING_PRESENTATION_AUDIT,NO,Displayed shares sum to 99.99 only from independent rounding.
A023,TARGET_DISTRIBUTION,External_Links,OLD,RQ1,lines 413-419,"GitHub_Service_External_Links | 1,629,357 | 43.47%",RATIO_WITH_COUNTS,target share,1629357,3748078,1629357/3748078,0.434718007469428331,ROUND_2_PERCENT,43.47%,PASS,historical target distribution,FAIL,outputs/reference_quotient_p0_frozen/rq1_referenced_entity_distribution.csv,entity_type=GitHub_Service_External_Links,HISTORICAL_ONLY,BOTH_DISPLAY_EQUAL_DIFFERENT_SUPPORT,Reference record share,OLD_REPLACE_WITH_CURRENT_ROW,YES,Support changes in both numerator and denominator.
A024,TARGET_DISTRIBUTION,External_Links,QA,RQ1,lines 408-428,"GitHub_Service_External_Links | 1,629,327 | 43.47%",RATIO_WITH_COUNTS,target share,1629327,3747958,1629327/3747958,0.434723921666144605,ROUND_2_PERCENT,43.47%,PASS,current admitted target distribution,PASS,outputs/reference_quotient_p0_corrected_v3/rq1_referenced_entity_distribution.csv,entity_type=GitHub_Service_External_Links,SINGLE_FROZEN_AUTHORITY,BOTH_DISPLAY_EQUAL_DIFFERENT_SUPPORT,Reference record share,KEEP_QA_CURRENT_VALUES,NO,Exact current numerator and denominator.
A025,TARGET_DISTRIBUTION,PullRequest_target,OLD,RQ1,lines 413-419,"PullRequest | 672,019 | 17.93%",RATIO_WITH_COUNTS,target share,672019,3748078,672019/3748078,0.179296962336429498,ROUND_2_PERCENT,17.93%,PASS,historical target distribution,FAIL,outputs/reference_quotient_p0_frozen/rq1_referenced_entity_distribution.csv,entity_type=PullRequest,HISTORICAL_ONLY,BOTH_DISPLAY_EQUAL_DIFFERENT_SUPPORT,Reference record share,OLD_REPLACE_WITH_CURRENT_ROW,YES,Target PullRequest is distinct from source PullRequest event.
A026,TARGET_DISTRIBUTION,PullRequest_target,QA,RQ1,lines 408-428,"PullRequest | 671,986 | 17.93%",RATIO_WITH_COUNTS,target share,671986,3747958,671986/3747958,0.179293898170683876,ROUND_2_PERCENT,17.93%,PASS,current admitted target distribution,PASS,outputs/reference_quotient_p0_corrected_v3/rq1_referenced_entity_distribution.csv,entity_type=PullRequest,SINGLE_FROZEN_AUTHORITY,BOTH_DISPLAY_EQUAL_DIFFERENT_SUPPORT,Reference record share,KEEP_QA_CURRENT_VALUES,NO,Target PullRequest is distinct from source PullRequest event.
A027,TARGET_DISTRIBUTION,Actor,OLD,RQ1,lines 413-419,"Actor | 475,663 | 12.69%",RATIO_WITH_COUNTS,target share,475663,3748078,475663/3748078,0.126908511509098797,ROUND_2_PERCENT,12.69%,PASS,historical target distribution,FAIL,outputs/reference_quotient_p0_frozen/rq1_referenced_entity_distribution.csv,entity_type=Actor,HISTORICAL_ONLY,BOTH_DISPLAY_EQUAL_DIFFERENT_SUPPORT,Reference record share,OLD_REPLACE_WITH_CURRENT_ROW,YES,Support changes in both numerator and denominator.
A028,TARGET_DISTRIBUTION,Actor,QA,RQ1,lines 408-428,"Actor | 475,651 | 12.69%",RATIO_WITH_COUNTS,target share,475651,3747958,475651/3747958,0.126909373050605156,ROUND_2_PERCENT,12.69%,PASS,current admitted target distribution,PASS,outputs/reference_quotient_p0_corrected_v3/rq1_referenced_entity_distribution.csv,entity_type=Actor,SINGLE_FROZEN_AUTHORITY,BOTH_DISPLAY_EQUAL_DIFFERENT_SUPPORT,Reference record share,KEEP_QA_CURRENT_VALUES,NO,Exact current numerator and denominator.
A029,TARGET_DISTRIBUTION,Issue_target,OLD,RQ1,lines 413-419,"Issue | 281,662 | 7.51%",RATIO_WITH_COUNTS,target share,281662,3748078,281662/3748078,0.075148382717755607,ROUND_2_PERCENT,7.51%,PASS,historical target distribution,FAIL,outputs/reference_quotient_p0_frozen/rq1_referenced_entity_distribution.csv,entity_type=Issue,HISTORICAL_ONLY,BOTH_DISPLAY_EQUAL_DIFFERENT_SUPPORT,Reference record share,OLD_REPLACE_WITH_CURRENT_ROW,YES,Support changes in both numerator and denominator.
A030,TARGET_DISTRIBUTION,Issue_target,QA,RQ1,lines 408-428,"Issue | 281,648 | 7.51%",RATIO_WITH_COUNTS,target share,281648,3747958,281648/3747958,0.0751470534088162141,ROUND_2_PERCENT,7.51%,PASS,current admitted target distribution,PASS,outputs/reference_quotient_p0_corrected_v3/rq1_referenced_entity_distribution.csv,entity_type=Issue,SINGLE_FROZEN_AUTHORITY,BOTH_DISPLAY_EQUAL_DIFFERENT_SUPPORT,Reference record share,KEEP_QA_CURRENT_VALUES,NO,Exact current numerator and denominator.
A031,TARGET_DISTRIBUTION,Commit,OLD,RQ1,lines 413-419,"Commit | 255,013 | 6.80%",RATIO_WITH_COUNTS,target share,255013,3748078,255013/3748078,0.0680383385831351429,ROUND_2_PERCENT,6.80%,PASS,historical target distribution,FAIL,outputs/reference_quotient_p0_frozen/rq1_referenced_entity_distribution.csv,entity_type=Commit,HISTORICAL_ONLY,BOTH_DISPLAY_EQUAL_DIFFERENT_SUPPORT,Reference record share,OLD_REPLACE_WITH_CURRENT_ROW,YES,Support changes in both numerator and denominator.
A032,TARGET_DISTRIBUTION,Commit,QA,RQ1,lines 408-428,"Commit | 255,009 | 6.80%",RATIO_WITH_COUNTS,target share,255009,3747958,255009/3747958,0.0680394497483696456,ROUND_2_PERCENT,6.80%,PASS,current admitted target distribution,PASS,outputs/reference_quotient_p0_corrected_v3/rq1_referenced_entity_distribution.csv,entity_type=Commit,SINGLE_FROZEN_AUTHORITY,BOTH_DISPLAY_EQUAL_DIFFERENT_SUPPORT,Reference record share,KEEP_QA_CURRENT_VALUES,NO,Exact current numerator and denominator.
A033,TARGET_ROLE_PARTITION,observable_seed_expanded,OLD,RQ2b,lines 565-582,"111 seed targets + 6,221 expanded targets = 6,332 observable targets.",TOTAL_WITH_PARTITION,target observable-role partition,111;6221,6332,111+6221=6332,6332,INTEGER_FORMAT,6332,PASS,historical cross-project target population,FAIL,outputs/reference_quotient_p0_frozen/rq2b_target_role_metrics.csv,observable_target_count;seed_project_target_count;expanded_target_count,HISTORICAL_ONLY,OLD_STALE_QA_CORRECT,TARGET_PROJECT_COUNT,OLD_REPLACE_WITH_CURRENT_TARGET_PARTITION,YES,This count is not the denominator of weight shares.
A034,TARGET_ROLE_PARTITION,observable_seed_expanded,QA,RQ2b,lines 514-529,"110 seed targets + 6,212 expanded targets = 6,322 observable targets.",TOTAL_WITH_PARTITION,target observable-role partition,110;6212,6322,110+6212=6322,6322,INTEGER_FORMAT,6322,PASS,current cross-project target population,PASS,outputs/reference_quotient_p0_corrected_v3/rq2b_target_role_metrics.csv,observable_target_count;seed_project_target_count;expanded_target_count,SINGLE_FROZEN_AUTHORITY,OLD_STALE_QA_CORRECT,TARGET_PROJECT_COUNT,KEEP_QA_CURRENT_VALUES,NO,Observable target count is distinct from weight-share denominator.
A035,TARGET_CONCENTRATION,top1,OLD,RQ2b,lines 567;578-580,Top-1 weight share = 2.47%.,RATIO_WITH_COUNTS,top-1 target weight share,3430,139044,3430/139044,0.0246684502747331779868243146,ROUND_2_PERCENT,2.47%,PASS,historical cross-project target-weight universe,FAIL,outputs/reference_quotient_p0_frozen/rq2b_target_concentration.json,total_cross_project_weight;top_1_weight_share;top50 row 1 in_strength,HISTORICAL_ONLY,BOTH_DISPLAY_EQUAL_DIFFERENT_SUPPORT,AGGREGATED_EDGE_WEIGHT,OLD_REPLACE_WITH_CURRENT_CONCENTRATION,YES,"Actual denominator is cross-project weight, not observable-target count."
A036,TARGET_CONCENTRATION,top1,QA,RQ2b,lines 514;525-527,Top-1 weight share = 2.47%.,RATIO_WITH_COUNTS,top-1 target weight share,3430,138974,3430/138974,0.0246808755594571646495027847,ROUND_2_PERCENT,2.47%,PASS,current cross-project target-weight universe,PASS,outputs/reference_quotient_p0_corrected_v3/rq2b_target_concentration.json,total_cross_project_weight;top_1_weight_share;top50 row 1 in_strength,SINGLE_FROZEN_AUTHORITY,BOTH_DISPLAY_EQUAL_DIFFERENT_SUPPORT,AGGREGATED_EDGE_WEIGHT,KEEP_QA_CURRENT_VALUES,NO,Top-1 numerator is unchanged but denominator changes from 139044 to 138974.
A037,TARGET_CONCENTRATION,top10,OLD,RQ2b,lines 567;578-580,Top-10 weight share = 15.99%.,RATIO_WITH_COUNTS,top-10 target weight share,22234,139044,22234/139044,0.15990621673714794,ROUND_2_PERCENT,15.99%,PASS,historical cross-project target-weight universe,FAIL,outputs/reference_quotient_p0_frozen/rq2b_target_concentration.json,total_cross_project_weight;top_10_weight_share,HISTORICAL_ONLY,OLD_STALE_QA_CORRECT,AGGREGATED_EDGE_WEIGHT,OLD_REPLACE_WITH_CURRENT_CONCENTRATION,YES,Top-10 numerator is reconstructed from cumulative top50 row 10.
A038,TARGET_CONCENTRATION,top10,QA,RQ2b,lines 514;525-527,Top-10 weight share = 16.00%.,RATIO_WITH_COUNTS,top-10 target weight share,22234,138974,22234/138974,0.15998676011340252,ROUND_2_PERCENT,16.00%,PASS,current cross-project target-weight universe,PASS,outputs/reference_quotient_p0_corrected_v3/rq2b_target_concentration.json,total_cross_project_weight;top_10_weight_share,SINGLE_FROZEN_AUTHORITY,OLD_STALE_QA_CORRECT,AGGREGATED_EDGE_WEIGHT,KEEP_QA_CURRENT_VALUES,NO,Displayed value changes after rounding.
A039,TARGET_CONCENTRATION,top50,OLD,RQ2b,lines 567;578-580,Top-50 weight share = 48.97%.,RATIO_WITH_COUNTS,top-50 target weight share,68087,139044,68087/139044,0.48967952590546876,ROUND_2_PERCENT,48.97%,PASS,historical cross-project target-weight universe,FAIL,outputs/reference_quotient_p0_frozen/rq2b_target_concentration.json,total_cross_project_weight;top_50_weight_share,HISTORICAL_ONLY,OLD_STALE_QA_CORRECT,AGGREGATED_EDGE_WEIGHT,OLD_REPLACE_WITH_CURRENT_CONCENTRATION,YES,Top-50 numerator is reconstructed from cumulative top50 row 50.
A040,TARGET_CONCENTRATION,top50,QA,RQ2b,lines 514;525-527,Top-50 weight share = 48.99%.,RATIO_WITH_COUNTS,top-50 target weight share,68087,138974,68087/138974,0.4899261732410379,ROUND_2_PERCENT,48.99%,PASS,current cross-project target-weight universe,PASS,outputs/reference_quotient_p0_corrected_v3/rq2b_target_concentration.json,total_cross_project_weight;top_50_weight_share,SINGLE_FROZEN_AUTHORITY,OLD_STALE_QA_CORRECT,AGGREGATED_EDGE_WEIGHT,KEEP_QA_CURRENT_VALUES,NO,Displayed value changes after rounding.
A041,TARGET_COVERAGE,max_indegree,OLD,RQ2b,line 582,最大 in-degree 42 对应 14.29% 的 seed coverage。,RATIO_WITH_COUNTS,seed coverage,42,294,42/294,0.14285714285714285,ROUND_2_PERCENT,14.29%,PASS,historical target coverage with 294 seeds,FAIL,outputs/reference_quotient_p0_frozen/rq2b_target_role_metrics.csv,max_in_degree;analysis_seed_count,HISTORICAL_ONLY,OLD_STALE_QA_CORRECT,SEED_PROJECT_COVERAGE,OLD_REPLACE_WITH_CURRENT_COVERAGE,YES,Support counts are unchanged but target population contract differs.
A042,TARGET_COVERAGE,max_indegree,QA,RQ2b,line 529,最大 in-degree 42 对应 14.29% 的 seed coverage。,RATIO_WITH_COUNTS,seed coverage,42,294,42/294,0.14285714285714285,ROUND_2_PERCENT,14.29%,PASS,current target coverage with 294 seeds,PASS,outputs/reference_quotient_p0_corrected_v3/rq2b_target_role_metrics.csv,max_in_degree;analysis_seed_count,SINGLE_FROZEN_AUTHORITY,OLD_STALE_QA_CORRECT,SEED_PROJECT_COVERAGE,KEEP_QA_CURRENT_VALUES,NO,Current ratio closes exactly.
A043,SOURCE_ROLE_PARTITION,relation_count,OLD,RQ2a,line 549,"419 seed-to-seed + 9,186 seed-to-expanded = 9,605 cross-project relations.",TOTAL_WITH_PARTITION,source role relation partition,419;9186,9605,419+9186=9605,9605,INTEGER_FORMAT,9605,PASS,historical cross-project relation universe,FAIL,outputs/reference_quotient_p0_frozen/rq2a_source_role_metrics.csv,seed_to_seed_relation_count;seed_to_expanded_relation_count;cross_project_directed_edge_count,HISTORICAL_ONLY,OLD_STALE_QA_CORRECT,EDGE_COUNT,OLD_REPLACE_WITH_CURRENT_SOURCE_PARTITION,YES,Historical directed relation count.
A044,SOURCE_ROLE_PARTITION,relation_count,QA,RQ2a,line 499,"418 seed-to-seed + 9,177 seed-to-expanded = 9,595 cross-project relations.",TOTAL_WITH_PARTITION,source role relation partition,418;9177,9595,418+9177=9595,9595,INTEGER_FORMAT,9595,PASS,current cross-project relation universe,PASS,outputs/reference_quotient_p0_corrected_v3/rq2a_source_role_metrics.csv,seed_to_seed_relation_count;seed_to_expanded_relation_count;cross_project_directed_edge_count,SINGLE_FROZEN_AUTHORITY,OLD_STALE_QA_CORRECT,EDGE_COUNT,KEEP_QA_CURRENT_VALUES,NO,Exact current directed relation partition.
A045,SOURCE_ROLE_PARTITION,weight,OLD,RQ2a,line 549,"7,631 seed-to-seed weight + 131,413 seed-to-expanded weight = 139,044.",TOTAL_WITH_PARTITION,source role weight partition,7631;131413,139044,7631+131413=139044,139044,INTEGER_FORMAT,139044,PASS,historical cross-project weight universe,FAIL,outputs/reference_quotient_p0_frozen/rq2a_source_role_metrics.csv,seed_to_seed_weight;seed_to_expanded_weight;refq_cross_project_weight,HISTORICAL_ONLY,OLD_STALE_QA_CORRECT,AGGREGATED_EDGE_WEIGHT,OLD_REPLACE_WITH_CURRENT_SOURCE_PARTITION,YES,Historical weight partition.
A046,SOURCE_ROLE_PARTITION,weight,QA,RQ2a,line 499,"7,630 seed-to-seed weight + 131,344 seed-to-expanded weight = 138,974.",TOTAL_WITH_PARTITION,source role weight partition,7630;131344,138974,7630+131344=138974,138974,INTEGER_FORMAT,138974,PASS,current cross-project weight universe,PASS,outputs/reference_quotient_p0_corrected_v3/rq2a_source_role_metrics.csv,seed_to_seed_weight;seed_to_expanded_weight;refq_cross_project_weight,SINGLE_FROZEN_AUTHORITY,OLD_STALE_QA_CORRECT,AGGREGATED_EDGE_WEIGHT,KEEP_QA_CURRENT_VALUES,NO,Exact current weight partition.
A047,LCC_SCALE,coverage,OLD,RQ2c,line 586,"6,376 / 6,515 = 97.87% LCC node coverage.",RATIO_WITH_COUNTS,LCC coverage,6376,6515,6376/6515,0.9786646201074444,PERCENT_X100_ROUND_2,97.87%,PASS,historical undirected graph and LCC,FAIL,outputs/reference_quotient_p0_frozen/rq2c_undirected_view_summary.json,lcc_nodes;nodes; lcc_coverage,HISTORICAL_ONLY,OLD_STALE_QA_CORRECT,NODE_COUNT,OLD_REPLACE_WITH_CURRENT_TOPOLOGY,YES,"LCC edge count is 9,472 and changes in QA."
A048,LCC_SCALE,coverage,QA,RQ2c,line 532,"6,367 / 6,506 = 0.9786351060559484 LCC node coverage.",RATIO_WITH_COUNTS,LCC coverage,6367,6506,6367/6506,0.9786351060559484,EXACT_RATIO,0.9786351060559484,PASS,current undirected graph and LCC,PASS,outputs/reference_quotient_p0_corrected_v3/rq2c_undirected_view_summary.json,lcc_nodes;nodes;lcc_coverage,SINGLE_FROZEN_AUTHORITY,OLD_STALE_QA_CORRECT,NODE_COUNT,KEEP_QA_CURRENT_VALUES,NO,"Current LCC edges are 9,462, not unchanged 9,472."
A049,LCC_SCALE,edge_collapse,OLD,RQ2c,line 586,"9,605 directed cross-project edges collapse to 9,557 undirected edges.",MULTI_AUTHORITY_COMPOSITE,first-order directed-to-undirected collapse,9605,9557,collapse directed cross-project view to undirected simple view,9557,INTEGER_FORMAT,9557,NOT_APPLICABLE,historical undirected graph,FAIL,outputs/reference_quotient_p0_frozen/rq2c_undirected_view_summary.json,directed_cross_project_edges_full;undirected_edges,HISTORICAL_ONLY,OLD_STALE_QA_CORRECT,EDGE_COUNT,OLD_REPLACE_WITH_CURRENT_TOPOLOGY,YES,No arithmetic identity is asserted; this is an operator-defined collapse.
A050,LCC_SCALE,edge_collapse,QA,RQ2c,line 532,"9,595 directed cross-project edges collapse to 9,547 undirected edges.",MULTI_AUTHORITY_COMPOSITE,first-order directed-to-undirected collapse,9595,9547,collapse directed cross-project view to undirected simple view,9547,INTEGER_FORMAT,9547,NOT_APPLICABLE,current undirected graph,PASS,outputs/reference_quotient_p0_corrected_v3/rq2c_undirected_view_summary.json,directed_cross_project_edges_full;undirected_edges,SINGLE_FROZEN_AUTHORITY,OLD_STALE_QA_CORRECT,EDGE_COUNT,KEEP_QA_CURRENT_VALUES,NO,"Operator-defined collapse, not a sum closure."
A051,UNIT_RECORD_ENTITY_EDGE,record_entity,OLD,methods/results,lines 101;534;586,旧稿的 Reference records、total weight、directed edges 和 undirected edges 未明确 admitted/eligible boundary。,MULTI_AUTHORITY_COMPOSITE,record/entity/edge unit distinction,Reference records;total weight;directed edges;undirected edges,distinct units,record count != entity count != edge count,NOT_APPLICABLE,INTEGER_FORMAT,NOT_APPLICABLE,NOT_APPLICABLE,ambiguous historical unit documentation,UNRESOLVED,outputs/reference_quotient_p0_frozen/membership_audit.json;outputs/reference_quotient_p0_frozen/quotient_construction_audit.json,unique_project_mappable_entities;quotient_eligible_records;edge counts,UNRESOLVED_PROVENANCE,OLD_STALE_QA_CORRECT,RECORD_COUNT;AGGREGATED_EDGE_WEIGHT;EDGE_COUNT,KEEP_CURRENT_SCIENCE_USE_FROZEN_WORDING,YES,No old occurrence of unique_project_mappable_entities is present.
A052,UNIT_RECORD_ENTITY_EDGE,record_entity,QA,methods/results,lines 101;176;487;739,"1,586,047 is quotient-eligible Reference-record count; 1,142,161 is unique project-mappable entities; 9,884/9,547 are edge counts.",MULTI_AUTHORITY_COMPOSITE,record/entity/edge unit distinction,1586047 records;1142161 entities;9884 directed edges;9547 undirected edges,distinct units,record count != entity count != edge count,NOT_APPLICABLE,INTEGER_FORMAT,NOT_APPLICABLE,NOT_APPLICABLE,current membership and quotient contracts,PASS,outputs/reference_quotient_p0_corrected_v3/membership_audit.json;outputs/reference_quotient_p0_corrected_v3/quotient_construction_audit.json;outputs/reference_quotient_p0_corrected_v3/rq2c_undirected_view_summary.json,unique_project_mappable_entities;quotient_eligible_records;edge counts,SINGLE_FROZEN_AUTHORITY,OLD_STALE_QA_CORRECT,RECORD_COUNT;ENTITY_COUNT;EDGE_COUNT,KEEP_CURRENT_SCIENCE_USE_FROZEN_WORDING,NO,QA wording is explicit and does not conflate units.
A053,AGE_COMPLEMENT_CORRELATION,rho,OLD,RQ1,line 507,self-reference rho=-0.1063；external-reference rho=0.1063；二者互补。,COMPLEMENTARY_SHARES,correlation complement,-0.1063,0.1063,rho_external=-rho_self,0.1063,DECIMAL_EXACT,-0.1063 and 0.1063,PASS,historical 291-project cross-sectional sample,FAIL,outputs/reference_quotient_p0_frozen/rq1_project_age_cross_sectional_association.csv,metric=self_reference_ratio;metric=external_reference_share,HISTORICAL_ONLY,OLD_STALE_QA_CORRECT,SPEARMAN_RHO,OLD_REPLACE_WITH_CURRENT_ASSOCIATION,YES,"Complement is sign inversion, not a share sum."
A054,AGE_COMPLEMENT_CORRELATION,rho,QA,RQ1,line 474-479,self-reference rho 与 external-reference share 的相关系数绝对值相同、符号相反。,COMPLEMENTARY_SHARES,correlation complement,-0.11817282564989658,0.11817282564989658,rho_external=-rho_self,0.11817282564989658,DECIMAL_EXACT,-0.11817282564989658 and 0.11817282564989658,PASS,current 291-project cross-sectional sample,PASS,outputs/reference_quotient_p0_corrected_v3/rq1_project_age_cross_sectional_association.csv,metric=self_reference_ratio;metric=external_reference_share,SINGLE_FROZEN_AUTHORITY,OLD_STALE_QA_CORRECT,SPEARMAN_RHO,KEEP_QA_CURRENT_VALUES,NO,Current association rows close by sign complement.
A055,CATEGORY_COMPLEMENT_SHARES,Document,OLD,RQ3,lines 576-585,Document self-reference median 44.44% + external-reference median 55.56% = 100% at display precision.,COMPLEMENTARY_SHARES,category share complement,44.44%;55.56%,100%,44.44%+55.56%=100%,100%,ROUND_2_PERCENT,44.44%+55.56%,PASS,historical include_mixed category medians,FAIL,outputs/reference_quotient_p0_frozen/rq3_subdomain_descriptive_comparison.csv,category=Document,HISTORICAL_ONLY,OLD_STALE_QA_CORRECT,PERCENTAGE_MEDIAN,OLD_REPLACE_WITH_CURRENT_CATEGORY_ROWS,YES,Display complement only.
A056,CATEGORY_COMPLEMENT_SHARES,Document,QA,RQ3,lines 570;576-585,Document self-reference median 44.44% + external-reference median 55.56% = 100% at display precision.,COMPLEMENTARY_SHARES,category share complement,44.44%;55.56%,100%,44.44%+55.56%=100%,100%,ROUND_2_PERCENT,44.44%+55.56%,PASS,current include_mixed category medians,PASS,outputs/reference_quotient_p0_corrected_v3/rq3_subdomain_descriptive_comparison.csv,category=Document,SINGLE_FROZEN_AUTHORITY,OLD_STALE_QA_CORRECT,PERCENTAGE_MEDIAN,KEEP_QA_CURRENT_VALUES,NO,Display complement only.
A057,CATEGORY_COMPLEMENT_SHARES,Graph,OLD,RQ3,lines 576-585,Graph self-reference median 39.88% + external-reference median 60.12% = 100% at display precision.,COMPLEMENTARY_SHARES,category share complement,39.88%;60.12%,100%,39.88%+60.12%=100%,100%,ROUND_2_PERCENT,39.88%+60.12%,PASS,historical include_mixed category medians,FAIL,outputs/reference_quotient_p0_frozen/rq3_subdomain_descriptive_comparison.csv,category=Graph,HISTORICAL_ONLY,OLD_STALE_QA_CORRECT,PERCENTAGE_MEDIAN,OLD_REPLACE_WITH_CURRENT_CATEGORY_ROWS,YES,Display complement only.
A058,CATEGORY_COMPLEMENT_SHARES,Graph,QA,RQ3,lines 570;576-585,Graph self-reference median 39.88% + external-reference median 60.12% = 100% at display precision.,COMPLEMENTARY_SHARES,category share complement,39.88%;60.12%,100%,39.88%+60.12%=100%,100%,ROUND_2_PERCENT,39.88%+60.12%,PASS,current include_mixed category medians,PASS,outputs/reference_quotient_p0_corrected_v3/rq3_subdomain_descriptive_comparison.csv,category=Graph,SINGLE_FROZEN_AUTHORITY,OLD_STALE_QA_CORRECT,PERCENTAGE_MEDIAN,KEEP_QA_CURRENT_VALUES,NO,Display complement only.
A059,CATEGORY_COMPLEMENT_SHARES,Key-value,OLD,RQ3,lines 576-585,Key-value self-reference median 37.50% + external-reference median 62.50% = 100% at display precision.,COMPLEMENTARY_SHARES,category share complement,37.50%;62.50%,100%,37.50%+62.50%=100%,100%,ROUND_2_PERCENT,37.50%+62.50%,PASS,historical include_mixed category medians,FAIL,outputs/reference_quotient_p0_frozen/rq3_subdomain_descriptive_comparison.csv,category=Key-value,HISTORICAL_ONLY,OLD_STALE_QA_CORRECT,PERCENTAGE_MEDIAN,OLD_REPLACE_WITH_CURRENT_CATEGORY_ROWS,YES,Display complement only.
A060,CATEGORY_COMPLEMENT_SHARES,Key-value,QA,RQ3,lines 570;576-585,Key-value self-reference median 37.50% + external-reference median 62.50% = 100% at display precision.,COMPLEMENTARY_SHARES,category share complement,37.50%;62.50%,100%,37.50%+62.50%=100%,100%,ROUND_2_PERCENT,37.50%+62.50%,PASS,current include_mixed category medians,PASS,outputs/reference_quotient_p0_corrected_v3/rq3_subdomain_descriptive_comparison.csv,category=Key-value,SINGLE_FROZEN_AUTHORITY,OLD_STALE_QA_CORRECT,PERCENTAGE_MEDIAN,KEEP_QA_CURRENT_VALUES,NO,Display complement only.
A061,CATEGORY_COMPLEMENT_SHARES,Object_Oriented,OLD,RQ3,lines 576-585,Object Oriented self-reference median 49.41% + external-reference median 50.59% = 100% at display precision.,COMPLEMENTARY_SHARES,category share complement,49.41%;50.59%,100%,49.41%+50.59%=100%,100%,ROUND_2_PERCENT,49.41%+50.59%,PASS,historical include_mixed category medians,FAIL,outputs/reference_quotient_p0_frozen/rq3_subdomain_descriptive_comparison.csv,category=Object Oriented,HISTORICAL_ONLY,OLD_STALE_QA_CORRECT,PERCENTAGE_MEDIAN,OLD_REPLACE_WITH_CURRENT_CATEGORY_ROWS,YES,Display complement only.
A062,CATEGORY_COMPLEMENT_SHARES,Object_Oriented,QA,RQ3,lines 570;576-585,Object Oriented self-reference median 49.41% + external-reference median 50.59% = 100% at display precision.,COMPLEMENTARY_SHARES,category share complement,49.41%;50.59%,100%,49.41%+50.59%=100%,100%,ROUND_2_PERCENT,49.41%+50.59%,PASS,current include_mixed category medians,PASS,outputs/reference_quotient_p0_corrected_v3/rq3_subdomain_descriptive_comparison.csv,category=Object Oriented,SINGLE_FROZEN_AUTHORITY,OLD_STALE_QA_CORRECT,PERCENTAGE_MEDIAN,KEEP_QA_CURRENT_VALUES,NO,Display complement only.
A063,CATEGORY_COMPLEMENT_SHARES,RDF,OLD,RQ3,lines 576-585,RDF self-reference median 41.41% + external-reference median 58.59% = 100% at display precision.,COMPLEMENTARY_SHARES,category share complement,41.41%;58.59%,100%,41.41%+58.59%=100%,100%,ROUND_2_PERCENT,41.41%+58.59%,PASS,historical include_mixed category medians,FAIL,outputs/reference_quotient_p0_frozen/rq3_subdomain_descriptive_comparison.csv,category=RDF,HISTORICAL_ONLY,OLD_STALE_QA_CORRECT,PERCENTAGE_MEDIAN,OLD_REPLACE_WITH_CURRENT_CATEGORY_ROWS,YES,Display complement only.
A064,CATEGORY_COMPLEMENT_SHARES,RDF,QA,RQ3,lines 570;576-585,RDF self-reference median 41.41% + external-reference median 58.59% = 100% at display precision.,COMPLEMENTARY_SHARES,category share complement,41.41%;58.59%,100%,41.41%+58.59%=100%,100%,ROUND_2_PERCENT,41.41%+58.59%,PASS,current include_mixed category medians,PASS,outputs/reference_quotient_p0_corrected_v3/rq3_subdomain_descriptive_comparison.csv,category=RDF,SINGLE_FROZEN_AUTHORITY,OLD_STALE_QA_CORRECT,PERCENTAGE_MEDIAN,KEEP_QA_CURRENT_VALUES,NO,Display complement only.
A065,CATEGORY_COMPLEMENT_SHARES,Relational,OLD,RQ3,lines 576-585,Relational self-reference median 40.42% + external-reference median 59.58% = 100% at display precision.,COMPLEMENTARY_SHARES,category share complement,40.42%;59.58%,100%,40.42%+59.58%=100%,100%,ROUND_2_PERCENT,40.42%+59.58%,PASS,historical include_mixed category medians,FAIL,outputs/reference_quotient_p0_frozen/rq3_subdomain_descriptive_comparison.csv,category=Relational,HISTORICAL_ONLY,OLD_STALE_QA_CORRECT,PERCENTAGE_MEDIAN,OLD_REPLACE_WITH_CURRENT_CATEGORY_ROWS,YES,Display complement only.
A066,CATEGORY_COMPLEMENT_SHARES,Relational,QA,RQ3,lines 570;576-585,Relational self-reference median 40.42% + external-reference median 59.58% = 100% at display precision.,COMPLEMENTARY_SHARES,category share complement,40.42%;59.58%,100%,40.42%+59.58%=100%,100%,ROUND_2_PERCENT,40.42%+59.58%,PASS,current include_mixed category medians,PASS,outputs/reference_quotient_p0_corrected_v3/rq3_subdomain_descriptive_comparison.csv,category=Relational,SINGLE_FROZEN_AUTHORITY,OLD_STALE_QA_CORRECT,PERCENTAGE_MEDIAN,KEEP_QA_CURRENT_VALUES,NO,Display complement only.
A067,CATEGORY_COMPLEMENT_SHARES,Search_Engine,OLD,RQ3,lines 576-585,Search Engine self-reference median 35.97% + external-reference median 64.03% = 100% at display precision.,COMPLEMENTARY_SHARES,category share complement,35.97%;64.03%,100%,35.97%+64.03%=100%,100%,ROUND_2_PERCENT,35.97%+64.03%,PASS,historical include_mixed category medians,FAIL,outputs/reference_quotient_p0_frozen/rq3_subdomain_descriptive_comparison.csv,category=Search Engine,HISTORICAL_ONLY,OLD_STALE_QA_CORRECT,PERCENTAGE_MEDIAN,OLD_REPLACE_WITH_CURRENT_CATEGORY_ROWS,YES,Display complement only.
A068,CATEGORY_COMPLEMENT_SHARES,Search_Engine,QA,RQ3,lines 570;576-585,Search Engine self-reference median 35.97% + external-reference median 64.03% = 100% at display precision.,COMPLEMENTARY_SHARES,category share complement,35.97%;64.03%,100%,35.97%+64.03%=100%,100%,ROUND_2_PERCENT,35.97%+64.03%,PASS,current include_mixed category medians,PASS,outputs/reference_quotient_p0_corrected_v3/rq3_subdomain_descriptive_comparison.csv,category=Search Engine,SINGLE_FROZEN_AUTHORITY,OLD_STALE_QA_CORRECT,PERCENTAGE_MEDIAN,KEEP_QA_CURRENT_VALUES,NO,Display complement only.
A069,CATEGORY_COMPLEMENT_SHARES,Time_Series,OLD,RQ3,lines 576-585,Time Series self-reference median 41.02% + external-reference median 58.98% = 100% at display precision.,COMPLEMENTARY_SHARES,category share complement,41.02%;58.98%,100%,41.02%+58.98%=100%,100%,ROUND_2_PERCENT,41.02%+58.98%,PASS,historical include_mixed category medians,FAIL,outputs/reference_quotient_p0_frozen/rq3_subdomain_descriptive_comparison.csv,category=Time Series,HISTORICAL_ONLY,OLD_STALE_QA_CORRECT,PERCENTAGE_MEDIAN,OLD_REPLACE_WITH_CURRENT_CATEGORY_ROWS,YES,Display complement only.
A070,CATEGORY_COMPLEMENT_SHARES,Time_Series,QA,RQ3,lines 570;576-585,Time Series self-reference median 41.02% + external-reference median 58.98% = 100% at display precision.,COMPLEMENTARY_SHARES,category share complement,41.02%;58.98%,100%,41.02%+58.98%=100%,100%,ROUND_2_PERCENT,41.02%+58.98%,PASS,current include_mixed category medians,PASS,outputs/reference_quotient_p0_corrected_v3/rq3_subdomain_descriptive_comparison.csv,category=Time Series,SINGLE_FROZEN_AUTHORITY,OLD_STALE_QA_CORRECT,PERCENTAGE_MEDIAN,KEEP_QA_CURRENT_VALUES,NO,Display complement only.
A071,CATEGORY_COMPLEMENT_SHARES,Vector,OLD,RQ3,lines 576-585,Vector self-reference median 45.22% + external-reference median 54.78% = 100% at display precision.,COMPLEMENTARY_SHARES,category share complement,45.22%;54.78%,100%,45.22%+54.78%=100%,100%,ROUND_2_PERCENT,45.22%+54.78%,PASS,historical include_mixed category medians,FAIL,outputs/reference_quotient_p0_frozen/rq3_subdomain_descriptive_comparison.csv,category=Vector,HISTORICAL_ONLY,OLD_STALE_QA_CORRECT,PERCENTAGE_MEDIAN,OLD_REPLACE_WITH_CURRENT_CATEGORY_ROWS,YES,Display complement only.
A072,CATEGORY_COMPLEMENT_SHARES,Vector,QA,RQ3,lines 570;576-585,Vector self-reference median 45.22% + external-reference median 54.78% = 100% at display precision.,COMPLEMENTARY_SHARES,category share complement,45.22%;54.78%,100%,45.22%+54.78%=100%,100%,ROUND_2_PERCENT,45.22%+54.78%,PASS,current include_mixed category medians,PASS,outputs/reference_quotient_p0_corrected_v3/rq3_subdomain_descriptive_comparison.csv,category=Vector,SINGLE_FROZEN_AUTHORITY,OLD_STALE_QA_CORRECT,PERCENTAGE_MEDIAN,KEEP_QA_CURRENT_VALUES,NO,Display complement only.
A073,CATEGORY_COMPLEMENT_SHARES,Wide_column,OLD,RQ3,lines 576-585,Wide column self-reference median 42.58% + external-reference median 57.42% = 100% at display precision.,COMPLEMENTARY_SHARES,category share complement,42.58%;57.42%,100%,42.58%+57.42%=100%,100%,ROUND_2_PERCENT,42.58%+57.42%,PASS,historical include_mixed category medians,FAIL,outputs/reference_quotient_p0_frozen/rq3_subdomain_descriptive_comparison.csv,category=Wide column,HISTORICAL_ONLY,OLD_STALE_QA_CORRECT,PERCENTAGE_MEDIAN,OLD_REPLACE_WITH_CURRENT_CATEGORY_ROWS,YES,Display complement only.
A074,CATEGORY_COMPLEMENT_SHARES,Wide_column,QA,RQ3,lines 570;576-585,Wide column self-reference median 42.58% + external-reference median 57.42% = 100% at display precision.,COMPLEMENTARY_SHARES,category share complement,42.58%;57.42%,100%,42.58%+57.42%=100%,100%,ROUND_2_PERCENT,42.58%+57.42%,PASS,current include_mixed category medians,PASS,outputs/reference_quotient_p0_corrected_v3/rq3_subdomain_descriptive_comparison.csv,category=Wide column,SINGLE_FROZEN_AUTHORITY,OLD_STALE_QA_CORRECT,PERCENTAGE_MEDIAN,KEEP_QA_CURRENT_VALUES,NO,Display complement only.
A075,APPENDIX_FLOW,admission,OLD,appendix,line 783,"3,748,078 historical records precede 1,586,117 quotient-eligible records.",PIPELINE_FLOW,appendix historical flow,3748078,1586117,historical effective-to-eligible relation is not current flow,1586117,INTEGER_FORMAT,1586117,NOT_APPLICABLE,historical appendix authority,FAIL,outputs/reference_quotient_p0_frozen/quotient_construction_audit.json,historical retained_reference_records;historical quotient_eligible_records,HISTORICAL_ONLY,OLD_STALE_QA_CORRECT,Reference record count;AGGREGATED_EDGE_WEIGHT,OLD_REPLACE_WITH_CURRENT_APPENDIX,YES,Old appendix omits source-admission stage; no equality is asserted.
A076,APPENDIX_FLOW,admission,QA,appendix,line 739,"3,748,078 scanned, 3,747,958 admitted, 120 out-of-seed, and 1,586,047 quotient-eligible records.",PIPELINE_FLOW,appendix source-admission flow,3748078;120;1586047,3747958,3748078-120=3747958; eligible=1586047,3747958,INTEGER_FORMAT,3747958,PASS,current S1 and P0-v3 appendix universe,PASS,supplemental/reference_quotient_v2/outputs_p0v3/S1_evidence_universe/evidence_universe_flow.csv;outputs/reference_quotient_p0_corrected_v3/quotient_construction_audit.json,flow stages;quotient_eligible_records,MULTIPLE_FROZEN_AUTHORITIES_SAME_UNIVERSE,OLD_STALE_QA_CORRECT,Reference record count;AGGREGATED_EDGE_WEIGHT,KEEP_CURRENT_SCIENCE_USE_FROZEN_WORDING,NO,Exact current appendix flow.
A077,EVENT_DISTRIBUTION,current_other,QA,RQ1,lines 389-398,"Current event Other = 260,866 (sum of non-top-four frozen event rows).",DISPLAY_AGGREGATION,event current long-tail aggregation,96690;72597;52761;38818,260866,96690+72597+52761+38818=260866,260866,INTEGER_FORMAT,260866,PASS,current admitted event distribution,PASS,outputs/reference_quotient_p0_corrected_v3/rq1_event_type_distribution.csv,event_type=ReleaseEvent;PullRequestReviewEvent;PullRequestReviewCommentEvent;CommitCommentEvent,SINGLE_FROZEN_AUTHORITY,OLD_STALE_QA_CORRECT,Reference record distribution,RESTORE_OLD_COMPACT_SCHEMA_CORRECTED_VALUES,NO,Display-only current compact value; full rows remain authoritative.
A078,TARGET_DISTRIBUTION,current_other,QA,RQ1,lines 408-428,"Current target Other = 434,337 (sum of non-top-five frozen target rows).",DISPLAY_AGGREGATION,target current long-tail aggregation,193391;74468;62641;32788;24102;13355;13126;8076;5779;3775;1950;581;300;5,434337,sum(current non-top-five target rows)=434337,434337,INTEGER_FORMAT,434337,PASS,current admitted target distribution,PASS,outputs/reference_quotient_p0_corrected_v3/rq1_referenced_entity_distribution.csv,all non-top-five entity_type rows,SINGLE_FROZEN_AUTHORITY,OLD_STALE_QA_CORRECT,Reference record distribution,RESTORE_OLD_COMPACT_SCHEMA_CORRECTED_VALUES,NO,Display-only current compact value; full rows remain authoritative.
