set_class,object_type,object_id_or_edge,membership_role
source,project,507775,FIXED
source,project,911980,FIXED
source,project,3786237,FIXED
source,project,5349565,FIXED
source,project,6838921,FIXED
source,project,7437073,FIXED
source,project,9342529,FIXED
source,project,11008207,FIXED
source,project,11225014,FIXED
source,project,11695619,FIXED
source,project,16563587,FIXED
source,project,17165658,FIXED
source,project,30449481,FIXED
source,project,31315021,FIXED
source,project,41349039,FIXED
source,project,41986369,FIXED
source,project,48833910,FIXED
source,project,50874442,FIXED
source,project,60246359,FIXED
source,project,60377070,FIXED
source,project,75425073,FIXED
source,project,77385607,FIXED
source,project,84240850,FIXED
source,project,95614931,FIXED
source,project,114619105,FIXED
source,project,130688011,FIXED
source,project,138754790,FIXED
source,project,148087762,FIXED
source,project,150954997,FIXED
source,project,166515022,FIXED
source,project,195619075,FIXED
source,project,208728772,FIXED
source,project,220186120,FIXED
source,project,268163609,FIXED
source,project,334274271,FIXED
source,project,344711168,FIXED
source,project,346976717,FIXED
source,project,351806852,FIXED
source,project,357707809,FIXED
source,project,358917318,FIXED
source,project,385634291,FIXED
source,project,388946490,FIXED
source,project,396867188,FIXED
source,project,422821402,FIXED
source,project,449924556,FIXED
source,project,453068084,FIXED
source,project,462329984,FIXED
source,project,496817075,FIXED
source,project,510375115,FIXED
source,project,546206616,FIXED
source,project,679889516,AFFECTED
target,project,507775,FIXED
target,project,927442,FIXED
target,project,1064563,FIXED
target,project,4524181,FIXED
target,project,6207167,FIXED
target,project,6934395,FIXED
target,project,13258039,FIXED
target,project,23357588,FIXED
target,project,27522271,FIXED
target,project,27576132,FIXED
target,project,27729907,FIXED
target,project,28366058,FIXED
target,project,31315121,FIXED
target,project,67836789,FIXED
target,project,71133469,FIXED
target,project,83502071,FIXED
target,project,105088940,FIXED
target,project,125238132,FIXED
target,project,141339868,FIXED
target,project,166282681,FIXED
target,project,168736310,FIXED
target,project,197814629,FIXED
target,project,205564111,FIXED
target,project,225690537,FIXED
target,project,276685482,FIXED
target,project,290227969,FIXED
target,project,298565987,FIXED
target,project,306769011,FIXED
target,project,323830219,FIXED
target,project,354080507,FIXED
target,project,354090893,FIXED
target,project,354094562,FIXED
target,project,354123935,FIXED
target,project,354125784,FIXED
target,project,354126484,FIXED
target,project,354129853,FIXED
target,project,354136133,FIXED
target,project,355015152,FIXED
target,project,355027797,FIXED
target,project,355030559,FIXED
target,project,355032495,FIXED
target,project,355033263,FIXED
target,project,355035157,FIXED
target,project,358917250,FIXED
target,project,383875967,FIXED
target,project,457577836,FIXED
target,project,490557661,FIXED
target,project,540262346,FIXED
target,project,602665730,FIXED
target,project,688586835,FIXED
target,project,33999965,AFFECTED
target,project,238372891,AFFECTED
target,project,240147659,AFFECTED
target,project,315520343,AFFECTED
target,project,322195640,AFFECTED
target,project,593957637,AFFECTED
target,project,600271677,AFFECTED
target,project,607441698,AFFECTED
target,project,623716378,AFFECTED
target,project,647017093,AFFECTED
target,project,654343821,AFFECTED
edge,directed_cross_project_edge,507775->105088940,FIXED
edge,directed_cross_project_edge,3786237->6207167,FIXED
edge,directed_cross_project_edge,3786237->6818061,FIXED
edge,directed_cross_project_edge,3786237->113678857,FIXED
edge,directed_cross_project_edge,3786237->197814629,FIXED
edge,directed_cross_project_edge,3786237->263991304,FIXED
edge,directed_cross_project_edge,3786237->287743349,FIXED
edge,directed_cross_project_edge,5349565->388946490,FIXED
edge,directed_cross_project_edge,9342529->507775,FIXED
edge,directed_cross_project_edge,11008207->27522271,FIXED
edge,directed_cross_project_edge,11008207->225690537,FIXED
edge,directed_cross_project_edge,11008207->276685482,FIXED
edge,directed_cross_project_edge,11225014->259445878,FIXED
edge,directed_cross_project_edge,11695619->2045207,FIXED
edge,directed_cross_project_edge,16563587->125238132,FIXED
edge,directed_cross_project_edge,16563587->133411492,FIXED
edge,directed_cross_project_edge,16563587->141339868,FIXED
edge,directed_cross_project_edge,16563587->571342238,FIXED
edge,directed_cross_project_edge,30449481->11061773,FIXED
edge,directed_cross_project_edge,30449481->75104123,FIXED
edge,directed_cross_project_edge,31315021->137814779,FIXED
edge,directed_cross_project_edge,41349039->3060959,FIXED
edge,directed_cross_project_edge,41349039->28366058,FIXED
edge,directed_cross_project_edge,48833910->41986369,FIXED
edge,directed_cross_project_edge,50874442->927442,FIXED
edge,directed_cross_project_edge,60377070->537800,FIXED
edge,directed_cross_project_edge,60377070->19257422,FIXED
edge,directed_cross_project_edge,75425073->3678731,FIXED
edge,directed_cross_project_edge,77385607->1064563,FIXED
edge,directed_cross_project_edge,77385607->27729926,FIXED
edge,directed_cross_project_edge,77385607->33816473,FIXED
edge,directed_cross_project_edge,77385607->105088940,FIXED
edge,directed_cross_project_edge,84240850->83502071,FIXED
edge,directed_cross_project_edge,95614931->290227969,FIXED
edge,directed_cross_project_edge,130688011->215108366,FIXED
edge,directed_cross_project_edge,130688011->241092383,FIXED
edge,directed_cross_project_edge,130688011->288485773,FIXED
edge,directed_cross_project_edge,130688011->288487894,FIXED
edge,directed_cross_project_edge,130688011->298565987,FIXED
edge,directed_cross_project_edge,130688011->306769011,FIXED
edge,directed_cross_project_edge,148087762->100656827,FIXED
edge,directed_cross_project_edge,148087762->137444487,FIXED
edge,directed_cross_project_edge,148087762->205564111,FIXED
edge,directed_cross_project_edge,148087762->241268229,FIXED
edge,directed_cross_project_edge,166515022->166282681,FIXED
edge,directed_cross_project_edge,195619075->71133469,FIXED
edge,directed_cross_project_edge,268163609->14367737,FIXED
edge,directed_cross_project_edge,268163609->31315121,FIXED
edge,directed_cross_project_edge,268163609->35894511,FIXED
edge,directed_cross_project_edge,268163609->62350380,FIXED
edge,directed_cross_project_edge,268163609->67836789,FIXED
edge,directed_cross_project_edge,268163609->201517171,FIXED
edge,directed_cross_project_edge,334274271->2928948,FIXED
edge,directed_cross_project_edge,334274271->168736310,FIXED
edge,directed_cross_project_edge,334274271->323830219,FIXED
edge,directed_cross_project_edge,334274271->354080507,FIXED
edge,directed_cross_project_edge,334274271->354090893,FIXED
edge,directed_cross_project_edge,334274271->354094562,FIXED
edge,directed_cross_project_edge,334274271->354123935,FIXED
edge,directed_cross_project_edge,334274271->354125784,FIXED
edge,directed_cross_project_edge,334274271->354126484,FIXED
edge,directed_cross_project_edge,334274271->354129853,FIXED
edge,directed_cross_project_edge,334274271->354136133,FIXED
edge,directed_cross_project_edge,334274271->355015152,FIXED
edge,directed_cross_project_edge,334274271->355027797,FIXED
edge,directed_cross_project_edge,334274271->355030559,FIXED
edge,directed_cross_project_edge,334274271->355032495,FIXED
edge,directed_cross_project_edge,334274271->355033263,FIXED
edge,directed_cross_project_edge,334274271->355035157,FIXED
edge,directed_cross_project_edge,334274271->383875967,FIXED
edge,directed_cross_project_edge,334274271->457577836,FIXED
edge,directed_cross_project_edge,334274271->490557661,FIXED
edge,directed_cross_project_edge,334274271->540262346,FIXED
edge,directed_cross_project_edge,334274271->688586835,FIXED
edge,directed_cross_project_edge,344711168->27576132,FIXED
edge,directed_cross_project_edge,346976717->290227969,FIXED
edge,directed_cross_project_edge,351806852->13258039,FIXED
edge,directed_cross_project_edge,351806852->545901542,FIXED
edge,directed_cross_project_edge,357707809->67836789,FIXED
edge,directed_cross_project_edge,358917318->358917250,FIXED
edge,directed_cross_project_edge,385634291->6838921,FIXED
edge,directed_cross_project_edge,385634291->27096595,FIXED
edge,directed_cross_project_edge,385634291->27576132,FIXED
edge,directed_cross_project_edge,385634291->392728007,FIXED
edge,directed_cross_project_edge,385634291->393288578,FIXED
edge,directed_cross_project_edge,388946490->4524181,FIXED
edge,directed_cross_project_edge,388946490->5349565,FIXED
edge,directed_cross_project_edge,388946490->6930489,FIXED
edge,directed_cross_project_edge,388946490->11131631,FIXED
edge,directed_cross_project_edge,388946490->24776728,FIXED
edge,directed_cross_project_edge,388946490->128842710,FIXED
edge,directed_cross_project_edge,388946490->577850152,FIXED
edge,directed_cross_project_edge,422821402->560750575,FIXED
edge,directed_cross_project_edge,449924556->24063576,FIXED
edge,directed_cross_project_edge,453068084->323231688,FIXED
edge,directed_cross_project_edge,462329984->6934395,FIXED
edge,directed_cross_project_edge,496817075->192625525,FIXED
edge,directed_cross_project_edge,496817075->407242578,FIXED
edge,directed_cross_project_edge,546206616->602665730,FIXED
edge,directed_cross_project_edge,661663226->434708679,FIXED
edge,directed_cross_project_edge,679889516->33999965,AFFECTED
edge,directed_cross_project_edge,679889516->238372891,AFFECTED
edge,directed_cross_project_edge,679889516->240147659,AFFECTED
edge,directed_cross_project_edge,679889516->315520343,AFFECTED
edge,directed_cross_project_edge,679889516->322195640,AFFECTED
edge,directed_cross_project_edge,679889516->593957637,AFFECTED
edge,directed_cross_project_edge,679889516->600271677,AFFECTED
edge,directed_cross_project_edge,679889516->607441698,AFFECTED
edge,directed_cross_project_edge,679889516->623716378,AFFECTED
edge,directed_cross_project_edge,679889516->647017093,AFFECTED
edge,directed_cross_project_edge,679889516->654343821,AFFECTED
