path,sha256,bytes,csv_row_count
S1_evidence_universe/edge_class_counts.csv,f4e9338ad1f4db1b723d57291544c00217fb3782a8b639861a1d1d9c0136eb50,184,3
S1_evidence_universe/event_type_x_quotient_eligibility.csv,a2d5b1528da6e0b2d7131acdbe07d10b109a7771d7ee91e3aad413eabdc150fb,1754,16
S1_evidence_universe/event_type_x_target_membership_status.csv,039a1a1e5dadc8380ac35b79d3a9ce18942ef379d21f22b3b21bfd71fad5c7ad,3266,32
S1_evidence_universe/evidence_universe_flow.csv,17737dc77d48592c46ea7cc02cde23bd15a488c269975cc73ade831aaba34e5c,871,15
S1_evidence_universe/source_entity_type_x_quotient_eligibility.csv,56d8e6c4594db16b6ecff12d1ee1a169388570e153e4d13f5a31d98ce3689be9,1680,16
S1_evidence_universe/source_entity_type_x_target_membership_status.csv,51fe05f6c47870970e4f57ae54b5b34a5bbde609b6de26901edfbb6f518907e0,3110,32
S1_evidence_universe/stage_receipt.json,41901f1bada0681d2f50df26166fb380cb13e6ac8eecb2eff5d86620fe535b4d,138654,
S1_evidence_universe/target_entity_type_x_quotient_eligibility.csv,4c11d288f2af552226749ffa1e83fec5f0e27d41375f18e3f96d302091b4ca96,2756,28
S1_evidence_universe/target_entity_type_x_target_membership_status.csv,32ab88d2209795f5ac93ce4d415c2f8ad0b8b8a920df35df9ccdb07d1c934a36,3049,32
