project_id,dimension,dimension_value,count,within_project_share
11008207,target_entity_type,Branch,1,3.89833151411196e-05
11008207,target_entity_type,Branch_Tag_GHDir,81,0.0031576485264306875
11008207,target_entity_type,Commit,1038,0.040464681116482146
11008207,target_entity_type,GitHub_Files_FileChanges,693,0.027015437392795882
11008207,target_entity_type,GitHub_GenSer_Other_Links,283,0.011032278184936847
11008207,target_entity_type,Issue,1502,0.05855293934196164
11008207,target_entity_type,IssueComment,55,0.002144082332761578
11008207,target_entity_type,PullRequest,20168,0.7862154997661001
11008207,target_entity_type,PullRequestReview,6,0.0002338998908467176
11008207,target_entity_type,PullRequestReviewComment,32,0.0012474660845158273
11008207,target_entity_type,Release,10,0.000389833151411196
11008207,target_entity_type,Repo,1779,0.06935131763605178
11008207,target_entity_type,Tag,4,0.0001559332605644784
11225014,target_entity_type,Branch,5,0.0007049203440011279
11225014,target_entity_type,Branch_Tag_GHDir,50,0.007049203440011279
11225014,target_entity_type,Commit,231,0.03256731989285211
11225014,target_entity_type,GitHub_Files_FileChanges,1656,0.23346961793317356
11225014,target_entity_type,GitHub_GenSer_Other_Links,574,0.08092485549132948
11225014,target_entity_type,Gollum,4,0.0005639362752009023
11225014,target_entity_type,Issue,990,0.1395742281122233
11225014,target_entity_type,IssueComment,246,0.03468208092485549
11225014,target_entity_type,PullRequest,2529,0.3565487099957705
11225014,target_entity_type,PullRequestReview,5,0.0007049203440011279
11225014,target_entity_type,PullRequestReviewComment,83,0.011701677710418723
11225014,target_entity_type,Release,49,0.006908219371211053
11225014,target_entity_type,Repo,669,0.09431834202735091
11225014,target_entity_type,Tag,2,0.00028196813760045117
114619105,target_entity_type,Branch,2,0.00023435669088352472
114619105,target_entity_type,Branch_Tag_GHDir,17,0.00199203187250996
114619105,target_entity_type,Commit,525,0.061518631356925244
114619105,target_entity_type,GitHub_Files_FileChanges,331,0.03878603234122334
114619105,target_entity_type,GitHub_GenSer_Other_Links,639,0.07487696273728615
114619105,target_entity_type,Gollum,3,0.0003515350363252871
114619105,target_entity_type,Issue,2757,0.3230606983829388
114619105,target_entity_type,IssueComment,44,0.005155847199437544
114619105,target_entity_type,PullRequest,4001,0.4688305601124912
114619105,target_entity_type,PullRequestReviewComment,36,0.004218420435903445
114619105,target_entity_type,Release,100,0.011717834544176237
114619105,target_entity_type,Repo,61,0.007147879071947504
114619105,target_entity_type,Tag,18,0.0021092102179517225
11695619,target_entity_type,Branch,1,0.0004768717215069146
11695619,target_entity_type,Branch_Tag_GHDir,4,0.0019074868860276585
11695619,target_entity_type,Commit,61,0.029089175011921792
11695619,target_entity_type,GitHub_Files_FileChanges,146,0.06962327134000953
11695619,target_entity_type,GitHub_GenSer_Other_Links,587,0.2799237005245589
11695619,target_entity_type,Issue,159,0.07582260371959942
11695619,target_entity_type,IssueComment,12,0.005722460658082976
11695619,target_entity_type,PullRequest,694,0.33094897472579876
11695619,target_entity_type,PullRequestReview,1,0.0004768717215069146
11695619,target_entity_type,PullRequestReviewComment,5,0.002384358607534573
11695619,target_entity_type,Release,3,0.001430615164520744
11695619,target_entity_type,Repo,423,0.2017167381974249
11695619,target_entity_type,Tag,1,0.0004768717215069146
130688011,target_entity_type,Branch,5,0.0004623208506703652
130688011,target_entity_type,Branch_Tag_GHDir,2,0.0001849283402681461
130688011,target_entity_type,Commit,813,0.07517337031900138
130688011,target_entity_type,GitHub_Files_FileChanges,392,0.036245954692556634
130688011,target_entity_type,GitHub_GenSer_Other_Links,2960,0.2736939435968562
130688011,target_entity_type,Issue,2090,0.19325011558021266
130688011,target_entity_type,IssueComment,71,0.006564956079519187
130688011,target_entity_type,PullRequest,3914,0.3619047619047619
130688011,target_entity_type,PullRequestReview,1,9.246417013407305e-05
130688011,target_entity_type,PullRequestReviewComment,26,0.002404068423485899
130688011,target_entity_type,Release,68,0.0062875635691169674
130688011,target_entity_type,Repo,442,0.04086916319926029
130688011,target_entity_type,Tag,31,0.0028663892741562645
138754790,target_entity_type,Branch,8,0.0011851851851851852
138754790,target_entity_type,Branch_Tag_GHDir,22,0.003259259259259259
138754790,target_entity_type,Commit,178,0.02637037037037037
138754790,target_entity_type,GitHub_Files_FileChanges,396,0.058666666666666666
138754790,target_entity_type,GitHub_GenSer_Other_Links,411,0.06088888888888889
138754790,target_entity_type,Gollum,2,0.0002962962962962963
138754790,target_entity_type,Issue,2039,0.30207407407407405
138754790,target_entity_type,IssueComment,77,0.011407407407407408
138754790,target_entity_type,PullRequest,3427,0.5077037037037037
138754790,target_entity_type,PullRequestReview,1,0.00014814814814814815
138754790,target_entity_type,PullRequestReviewComment,8,0.0011851851851851852
138754790,target_entity_type,Release,6,0.0008888888888888889
138754790,target_entity_type,Repo,172,0.02548148148148148
138754790,target_entity_type,Tag,3,0.00044444444444444447
148087762,target_entity_type,Branch_Tag_GHDir,2,0.0005108556832694764
148087762,target_entity_type,Commit,351,0.0896551724137931
148087762,target_entity_type,GitHub_Files_FileChanges,93,0.02375478927203065
148087762,target_entity_type,GitHub_GenSer_Other_Links,127,0.03243933588761175
148087762,target_entity_type,Issue,979,0.25006385696040867
148087762,target_entity_type,IssueComment,2,0.0005108556832694764
148087762,target_entity_type,PullRequest,2264,0.5782886334610473
148087762,target_entity_type,PullRequestReviewComment,1,0.0002554278416347382
148087762,target_entity_type,Repo,87,0.022222222222222223
148087762,target_entity_type,Tag,9,0.0022988505747126436
150954997,target_entity_type,Branch,44,0.003144878850689729
150954997,target_entity_type,Branch_Tag_GHDir,35,0.002501608176685012
150954997,target_entity_type,Commit,3014,0.21542420127224646
150954997,target_entity_type,GitHub_Files_FileChanges,707,0.05053248516903724
150954997,target_entity_type,GitHub_GenSer_Other_Links,772,0.05517832892573797
150954997,target_entity_type,Gollum,40,0.002858980773354299
150954997,target_entity_type,Issue,3999,0.28582660281609606
150954997,target_entity_type,IssueComment,330,0.02358659138017297
150954997,target_entity_type,PullRequest,4542,0.32463726681438065
150954997,target_entity_type,PullRequestReview,3,0.00021442355800157243
150954997,target_entity_type,PullRequestReviewComment,8,0.0005717961546708598
150954997,target_entity_type,Release,263,0.01879779858480452
150954997,target_entity_type,Repo,222,0.01586734329211636
150954997,target_entity_type,Tag,12,0.0008576942320062897
16563587,target_entity_type,Branch,50,0.0001286335769653281
16563587,target_entity_type,Branch_Tag_GHDir,21277,0.05473873234182572
16563587,target_entity_type,Commit,32513,0.08364526975747426
16563587,target_entity_type,GitHub_Files_FileChanges,90050,0.23166907211455592
16563587,target_entity_type,GitHub_GenSer_Other_Links,1827,0.004700270902313089
16563587,target_entity_type,Gollum,266,0.0006843306294555456
16563587,target_entity_type,Issue,151706,0.3902897085420413
16563587,target_entity_type,IssueComment,1097,0.0028222206786192986
16563587,target_entity_type,PullRequest,88321,0.22722092302309488
16563587,target_entity_type,PullRequestReview,186,0.00047851690631102055
16563587,target_entity_type,PullRequestReviewComment,50,0.0001286335769653281
16563587,target_entity_type,Release,2,5.145343078613124e-06
16563587,target_entity_type,Repo,1328,0.0034165078041991145
16563587,target_entity_type,Tag,28,7.203480310058374e-05
166515022,target_entity_type,Branch,5,0.0005926277112717791
166515022,target_entity_type,Branch_Tag_GHDir,26,0.0030816640986132513
166515022,target_entity_type,Commit,358,0.04243214412705938
166515022,target_entity_type,GitHub_Files_FileChanges,2183,0.25874125874125875
166515022,target_entity_type,GitHub_GenSer_Other_Links,1393,0.16510608036031765
166515022,target_entity_type,Gollum,9,0.0010667298802892024
166515022,target_entity_type,Issue,1498,0.177551262297025
166515022,target_entity_type,IssueComment,114,0.013511911816996562
166515022,target_entity_type,PullRequest,2098,0.2486665876496385
166515022,target_entity_type,PullRequestReview,7,0.0008296787957804907
166515022,target_entity_type,PullRequestReviewComment,250,0.029631385563588953
166515022,target_entity_type,Release,17,0.002014934218324049
166515022,target_entity_type,Repo,477,0.05653668365532772
166515022,target_entity_type,Tag,2,0.00023705108450871164
17165658,target_entity_type,Branch,5,0.0003180459258316901
17165658,target_entity_type,Branch_Tag_GHDir,39,0.0024807582214871828
17165658,target_entity_type,Commit,1700,0.10813561478277463
17165658,target_entity_type,GitHub_Files_FileChanges,1760,0.11195216589275492
17165658,target_entity_type,GitHub_GenSer_Other_Links,2260,0.14375675847592392
17165658,target_entity_type,Gollum,16,0.0010177469626614084
17165658,target_entity_type,Issue,179,0.011386044144774506
17165658,target_entity_type,IssueComment,171,0.010877170663443802
17165658,target_entity_type,PullRequest,8764,0.5574708987977864
17165658,target_entity_type,PullRequestReview,25,0.0015902296291584505
17165658,target_entity_type,PullRequestReviewComment,356,0.022644869919216336
17165658,target_entity_type,Release,293,0.01863749125373704
17165658,target_entity_type,Repo,107,0.006806182812798168
17165658,target_entity_type,Tag,46,0.0029260225176515487
195619075,target_entity_type,Branch_Tag_GHDir,143,0.013581536708139424
195619075,target_entity_type,Commit,991,0.09412099914521797
195619075,target_entity_type,GitHub_Files_FileChanges,2064,0.19603001234685155
195619075,target_entity_type,GitHub_GenSer_Other_Links,26,0.0024693703105708046
195619075,target_entity_type,Gollum,45,0.004273910152911007
195619075,target_entity_type,Issue,3,0.0002849273435274005
195619075,target_entity_type,IssueComment,4,0.0003799031247032007
195619075,target_entity_type,PullRequest,4945,0.46965523791433184
195619075,target_entity_type,PullRequestReviewComment,8,0.0007598062494064014
195619075,target_entity_type,Repo,2300,0.2184442967043404
208728772,target_entity_type,Branch,1,3.4579342300909435e-05
208728772,target_entity_type,Branch_Tag_GHDir,113,0.0039074656800027665
208728772,target_entity_type,Commit,203,0.007019606487084616
208728772,target_entity_type,GitHub_Files_FileChanges,12757,0.4411286697327017
208728772,target_entity_type,GitHub_GenSer_Other_Links,2049,0.07085307237456344
208728772,target_entity_type,Gollum,2,6.915868460181887e-05
208728772,target_entity_type,Issue,3821,0.13212766693177497
208728772,target_entity_type,IssueComment,1433,0.049552197517203224
208728772,target_entity_type,PullRequest,7511,0.25972544002213077
208728772,target_entity_type,PullRequestReview,873,0.030187765828693938
208728772,target_entity_type,Release,20,0.0006915868460181888
208728772,target_entity_type,Repo,135,0.004668211210622774
208728772,target_entity_type,Tag,1,3.4579342300909435e-05
220186120,target_entity_type,Branch_Tag_GHDir,1,0.0013297872340425532
220186120,target_entity_type,Commit,21,0.027925531914893616
220186120,target_entity_type,GitHub_Files_FileChanges,33,0.043882978723404256
220186120,target_entity_type,GitHub_GenSer_Other_Links,277,0.3683510638297872
220186120,target_entity_type,Issue,37,0.04920212765957447
220186120,target_entity_type,PullRequest,56,0.07446808510638298
220186120,target_entity_type,PullRequestReviewComment,1,0.0013297872340425532
220186120,target_entity_type,Repo,326,0.43351063829787234
268163609,target_entity_type,Branch,7,0.000541837603529685
268163609,target_entity_type,Branch_Tag_GHDir,39,0.0030188095053796733
268163609,target_entity_type,Commit,171,0.013236318600510876
268163609,target_entity_type,GitHub_Files_FileChanges,1152,0.08917098846659958
268163609,target_entity_type,GitHub_GenSer_Other_Links,1822,0.14103258766158372
268163609,target_entity_type,Gollum,2,0.00015481074386562428
268163609,target_entity_type,Issue,487,0.03769641613127951
268163609,target_entity_type,IssueComment,56,0.00433470082823748
268163609,target_entity_type,PullRequest,6883,0.5327811750135459
268163609,target_entity_type,PullRequestReview,4,0.00030962148773124856
268163609,target_entity_type,PullRequestReviewComment,46,0.003560647108909358
268163609,target_entity_type,Release,52,0.004025079340506231
268163609,target_entity_type,Repo,2194,0.16982738602058983
268163609,target_entity_type,Tag,4,0.00030962148773124856
30449481,target_entity_type,Branch,2,0.000711997152011392
30449481,target_entity_type,Branch_Tag_GHDir,98,0.034887860448558204
30449481,target_entity_type,Commit,55,0.019579921680313278
30449481,target_entity_type,GitHub_Files_FileChanges,356,0.12673549305802778
30449481,target_entity_type,GitHub_GenSer_Other_Links,593,0.2111071555713777
30449481,target_entity_type,Issue,10,0.00355998576005696
30449481,target_entity_type,IssueComment,1,0.000355998576005696
30449481,target_entity_type,PullRequest,889,0.31648273406906374
30449481,target_entity_type,Repo,805,0.28657885368458524
31315021,target_entity_type,GitHub_Files_FileChanges,481,0.1904950495049505
31315021,target_entity_type,GitHub_GenSer_Other_Links,515,0.20396039603960395
31315021,target_entity_type,Issue,118,0.04673267326732673
31315021,target_entity_type,PullRequest,645,0.25544554455445545
31315021,target_entity_type,Release,4,0.0015841584158415843
31315021,target_entity_type,Repo,762,0.3017821782178218
334274271,target_entity_type,Branch,35,0.00033166238664253427
334274271,target_entity_type,Branch_Tag_GHDir,81,0.0007675615233727222
334274271,target_entity_type,Commit,21841,0.20696680533313117
334274271,target_entity_type,GitHub_Files_FileChanges,22170,0.210084431767571
334274271,target_entity_type,GitHub_GenSer_Other_Links,2178,0.02063887651735542
334274271,target_entity_type,Gollum,8,7.580854551829355e-05
334274271,target_entity_type,Issue,4527,0.04289816069516436
334274271,target_entity_type,IssueComment,447,0.004235802480834652
334274271,target_entity_type,PullRequest,12735,0.12067772839693354
334274271,target_entity_type,PullRequestReview,21,0.00019899743198552056
334274271,target_entity_type,PullRequestReviewComment,178,0.0016867401377820314
334274271,target_entity_type,Release,19,0.00018004529560594718
334274271,target_entity_type,Repo,41277,0.39114366666982536
334274271,target_entity_type,Tag,12,0.00011371281827744033
344711168,target_entity_type,GitHub_Files_FileChanges,13,0.01288404360753221
344711168,target_entity_type,GitHub_GenSer_Other_Links,235,0.23290386521308226
344711168,target_entity_type,Issue,16,0.015857284440039643
344711168,target_entity_type,PullRequest,275,0.27254707631318137
344711168,target_entity_type,Repo,470,0.4658077304261645
346976717,target_entity_type,Branch_Tag_GHDir,2,0.0006287331027978623
346976717,target_entity_type,Commit,23,0.007230430682175416
346976717,target_entity_type,GitHub_Files_FileChanges,1923,0.6045268783401446
346976717,target_entity_type,GitHub_GenSer_Other_Links,142,0.044640050298648225
346976717,target_entity_type,Issue,146,0.04589751650424395
346976717,target_entity_type,IssueComment,6,0.001886199308393587
346976717,target_entity_type,PullRequest,845,0.26563973593209683
346976717,target_entity_type,PullRequestReviewComment,5,0.0015718327569946558
346976717,target_entity_type,Repo,89,0.027978623074504872
351806852,target_entity_type,Branch,4,0.00011416502554442446
351806852,target_entity_type,Branch_Tag_GHDir,12,0.0003424950766332734
351806852,target_entity_type,Commit,1504,0.0429260496047036
351806852,target_entity_type,GitHub_Files_FileChanges,533,0.01521248965379456
351806852,target_entity_type,GitHub_GenSer_Other_Links,617,0.017609955190227473
351806852,target_entity_type,Gollum,13,0.00037103633301937953
351806852,target_entity_type,Issue,6440,0.1838056911265234
351806852,target_entity_type,IssueComment,481,0.013728344321717042
351806852,target_entity_type,PullRequest,24554,0.7008020093044496
351806852,target_entity_type,PullRequestReview,114,0.0032537032280160975
351806852,target_entity_type,PullRequestReviewComment,501,0.014299169449439165
351806852,target_entity_type,Release,25,0.0007135314096526529
351806852,target_entity_type,Repo,227,0.006478865199646088
351806852,target_entity_type,Tag,12,0.0003424950766332734
357707809,target_entity_type,Branch_Tag_GHDir,11,0.001127858094945145
357707809,target_entity_type,Commit,49,0.005024095150210192
357707809,target_entity_type,GitHub_Files_FileChanges,491,0.05034348405618784
357707809,target_entity_type,GitHub_GenSer_Other_Links,711,0.07290064595509074
357707809,target_entity_type,Issue,1635,0.16764072593048293
357707809,target_entity_type,IssueComment,17,0.0017430534194606787
357707809,target_entity_type,PullRequest,5964,0.6115041525684405
357707809,target_entity_type,PullRequestReviewComment,4,0.00041013021634368914
357707809,target_entity_type,Release,2,0.00020506510817184457
357707809,target_entity_type,Repo,869,0.08910078950066647
358917318,target_entity_type,Branch,14,0.0010460251046025104
358917318,target_entity_type,Branch_Tag_GHDir,136,0.010161386730424387
358917318,target_entity_type,Commit,1488,0.11117752540346683
358917318,target_entity_type,GitHub_Files_FileChanges,1430,0.10684399282725643
358917318,target_entity_type,GitHub_GenSer_Other_Links,372,0.027794381350866707
358917318,target_entity_type,Issue,4122,0.30797967722653913
358917318,target_entity_type,IssueComment,272,0.020322773460848775
358917318,target_entity_type,PullRequest,4902,0.36625821876867903
358917318,target_entity_type,PullRequestReview,42,0.0031380753138075313
358917318,target_entity_type,PullRequestReviewComment,233,0.01740884638374178
358917318,target_entity_type,Release,2,0.00014943215780035862
358917318,target_entity_type,Repo,370,0.027644949193066346
358917318,target_entity_type,Tag,1,7.471607890017931e-05
3786237,target_entity_type,Branch,14,0.0008874239350912779
3786237,target_entity_type,Branch_Tag_GHDir,10,0.0006338742393509128
3786237,target_entity_type,Commit,2048,0.12981744421906694
3786237,target_entity_type,GitHub_Files_FileChanges,351,0.02224898580121704
3786237,target_entity_type,GitHub_GenSer_Other_Links,477,0.03023580121703854
3786237,target_entity_type,Gollum,5,0.0003169371196754564
3786237,target_entity_type,Issue,3421,0.21684837728194725
3786237,target_entity_type,IssueComment,89,0.005641480730223124
3786237,target_entity_type,PullRequest,8455,0.5359406693711968
3786237,target_entity_type,PullRequestReview,2,0.00012677484787018255
3786237,target_entity_type,PullRequestReviewComment,51,0.003232758620689655
3786237,target_entity_type,Release,19,0.0012043610547667343
3786237,target_entity_type,Repo,830,0.05261156186612576
3786237,target_entity_type,Tag,4,0.0002535496957403651
385634291,target_entity_type,Branch,3,0.0001111069960371838
385634291,target_entity_type,Branch_Tag_GHDir,205,0.007592311395874227
385634291,target_entity_type,Commit,1282,0.04747972297322321
385634291,target_entity_type,GitHub_Files_FileChanges,1212,0.044887226399022255
385634291,target_entity_type,GitHub_GenSer_Other_Links,1229,0.04551683270989963
385634291,target_entity_type,Gollum,7,0.00025924965742009555
385634291,target_entity_type,Issue,1029,0.038109699640754044
385634291,target_entity_type,IssueComment,55,0.0020369615940150363
385634291,target_entity_type,PullRequest,20763,0.7689715195733491
385634291,target_entity_type,PullRequestReview,10,0.00037035665345727935
385634291,target_entity_type,PullRequestReviewComment,105,0.0038887448613014334
385634291,target_entity_type,Release,51,0.0018888189326321247
385634291,target_entity_type,Repo,1046,0.03873930595163142
385634291,target_entity_type,Tag,4,0.00014814266138291174
388946490,target_entity_type,Branch,2,0.00011053387863380126
388946490,target_entity_type,Branch_Tag_GHDir,21,0.0011606057256549132
388946490,target_entity_type,Commit,3792,0.20957223388968718
388946490,target_entity_type,GitHub_Files_FileChanges,1117,0.061733171216978
388946490,target_entity_type,GitHub_GenSer_Other_Links,1940,0.10721786227478722
388946490,target_entity_type,Gollum,2,0.00011053387863380126
388946490,target_entity_type,Issue,1881,0.10395711285509009
388946490,target_entity_type,IssueComment,104,0.005747761688957666
388946490,target_entity_type,PullRequest,9041,0.4996683983640986
388946490,target_entity_type,PullRequestReview,17,0.0009395379683873107
388946490,target_entity_type,PullRequestReviewComment,132,0.007295235989830883
388946490,target_entity_type,Release,1,5.526693931690063e-05
388946490,target_entity_type,Repo,44,0.002431745329943628
396867188,target_entity_type,Branch,2,0.0008463817181548879
396867188,target_entity_type,Branch_Tag_GHDir,2,0.0008463817181548879
396867188,target_entity_type,Commit,44,0.018620397799407534
396867188,target_entity_type,CommitComment,1,0.00042319085907744394
396867188,target_entity_type,GitHub_Files_FileChanges,160,0.06771053745239103
396867188,target_entity_type,GitHub_GenSer_Other_Links,370,0.15658061785865426
396867188,target_entity_type,Issue,716,0.30300465509944985
396867188,target_entity_type,IssueComment,20,0.008463817181548879
396867188,target_entity_type,PullRequest,707,0.29919593736775285
396867188,target_entity_type,PullRequestReviewComment,1,0.00042319085907744394
396867188,target_entity_type,Release,5,0.0021159542953872196
396867188,target_entity_type,Repo,334,0.14134574693186627
396867188,target_entity_type,Tag,1,0.00042319085907744394
41349039,target_entity_type,Branch_Tag_GHDir,1,0.00011821728336682824
41349039,target_entity_type,Commit,1099,0.12992079442014423
41349039,target_entity_type,GitHub_Files_FileChanges,64,0.007565906135477007
41349039,target_entity_type,GitHub_GenSer_Other_Links,232,0.02742640974110415
41349039,target_entity_type,Gollum,1,0.00011821728336682824
41349039,target_entity_type,Issue,535,0.06324624660125311
41349039,target_entity_type,IssueComment,41,0.004846908618039957
41349039,target_entity_type,PullRequest,6324,0.7476061000118217
41349039,target_entity_type,PullRequestReview,1,0.00011821728336682824
41349039,target_entity_type,PullRequestReviewComment,1,0.00011821728336682824
41349039,target_entity_type,Release,1,0.00011821728336682824
41349039,target_entity_type,Repo,158,0.01867833077195886
41349039,target_entity_type,Tag,1,0.00011821728336682824
41986369,target_entity_type,Branch,10,7.138624958060579e-05
41986369,target_entity_type,Branch_Tag_GHDir,26,0.00018560424890957505
41986369,target_entity_type,Commit,85741,0.612072842529072
41986369,target_entity_type,GitHub_Files_FileChanges,15014,0.10717931512032153
41986369,target_entity_type,GitHub_GenSer_Other_Links,918,0.006553257711499611
41986369,target_entity_type,Issue,11678,0.08336486226023143
41986369,target_entity_type,IssueComment,4799,0.034258261173732714
41986369,target_entity_type,PullRequest,15119,0.10792887074091788
41986369,target_entity_type,PullRequestReview,6449,0.04603699235453267
41986369,target_entity_type,PullRequestReviewComment,21,0.00014991112411927215
41986369,target_entity_type,Release,9,6.424762462254521e-05
41986369,target_entity_type,Repo,297,0.0021201716125439918
41986369,target_entity_type,Tag,2,1.4277249916121158e-05
422821402,target_entity_type,Branch_Tag_GHDir,72,0.011034482758620689
422821402,target_entity_type,Commit,35,0.0053639846743295016
422821402,target_entity_type,GitHub_Files_FileChanges,573,0.08781609195402298
422821402,target_entity_type,GitHub_GenSer_Other_Links,242,0.03708812260536398
422821402,target_entity_type,Gollum,2,0.0003065134099616858
422821402,target_entity_type,Issue,1759,0.26957854406130266
422821402,target_entity_type,IssueComment,50,0.007662835249042145
422821402,target_entity_type,PullRequest,3086,0.47295019157088125
422821402,target_entity_type,PullRequestReview,4,0.0006130268199233716
422821402,target_entity_type,PullRequestReviewComment,46,0.007049808429118774
422821402,target_entity_type,Release,7,0.0010727969348659004
422821402,target_entity_type,Repo,648,0.0993103448275862
422821402,target_entity_type,Tag,1,0.0001532567049808429
449924556,target_entity_type,Branch_Tag_GHDir,5,0.0017869907076483202
449924556,target_entity_type,Commit,584,0.2087205146533238
449924556,target_entity_type,GitHub_Files_FileChanges,16,0.005718370264474625
449924556,target_entity_type,GitHub_GenSer_Other_Links,103,0.0368120085775554
449924556,target_entity_type,Issue,165,0.05897069335239457
449924556,target_entity_type,PullRequest,1000,0.35739814152966404
449924556,target_entity_type,Release,448,0.1601143674052895
449924556,target_entity_type,Repo,465,0.16619013581129377
449924556,target_entity_type,Tag,12,0.004288777698355968
453068084,target_entity_type,Branch,10,0.00012879792892930283
453068084,target_entity_type,Branch_Tag_GHDir,190,0.0024471606496567536
453068084,target_entity_type,Commit,898,0.011566054017851393
453068084,target_entity_type,GitHub_Files_FileChanges,3900,0.050231192282428096
453068084,target_entity_type,GitHub_GenSer_Other_Links,1019,0.013124508957895957
453068084,target_entity_type,Issue,7691,0.0990584871395268
453068084,target_entity_type,IssueComment,520,0.006697492304323746
453068084,target_entity_type,PullRequest,62312,0.8025656547442717
453068084,target_entity_type,PullRequestReview,12,0.00015455751471516339
453068084,target_entity_type,PullRequestReviewComment,175,0.0022539637562627992
453068084,target_entity_type,Release,2,2.5759585785860562e-05
453068084,target_entity_type,Repo,912,0.011746371118352417
462329984,target_entity_type,Branch,1,0.0004570383912248629
462329984,target_entity_type,Commit,91,0.041590493601462525
462329984,target_entity_type,GitHub_Files_FileChanges,11,0.005027422303473492
462329984,target_entity_type,GitHub_GenSer_Other_Links,36,0.016453382084095063
462329984,target_entity_type,Issue,664,0.30347349177330896
462329984,target_entity_type,PullRequest,1362,0.6224862888482633
462329984,target_entity_type,PullRequestReviewComment,5,0.0022851919561243145
462329984,target_entity_type,Repo,11,0.005027422303473492
462329984,target_entity_type,Tag,7,0.0031992687385740404
48833910,target_entity_type,Branch,5,0.00041363335539377897
48833910,target_entity_type,Branch_Tag_GHDir,5,0.00041363335539377897
48833910,target_entity_type,Commit,1162,0.09612839179351423
48833910,target_entity_type,GitHub_Files_FileChanges,3677,0.30418596955658506
48833910,target_entity_type,GitHub_GenSer_Other_Links,574,0.04748510919920582
48833910,target_entity_type,Gollum,4,0.00033090668431502316
48833910,target_entity_type,Issue,2565,0.2121939113170086
48833910,target_entity_type,IssueComment,440,0.036399735274652546
48833910,target_entity_type,PullRequest,3454,0.2857379219060225
48833910,target_entity_type,PullRequestReview,133,0.01100264725347452
48833910,target_entity_type,PullRequestReviewComment,15,0.001240900066181337
48833910,target_entity_type,Release,1,8.272667107875579e-05
48833910,target_entity_type,Repo,53,0.004384513567174057
496817075,target_entity_type,Branch_Tag_GHDir,6,0.0009312432096849294
496817075,target_entity_type,Commit,156,0.024212323451808165
496817075,target_entity_type,GitHub_Files_FileChanges,273,0.042371566040664284
496817075,target_entity_type,GitHub_GenSer_Other_Links,510,0.079155672823219
496817075,target_entity_type,Issue,1257,0.1950954524289927
496817075,target_entity_type,IssueComment,13,0.002017693620984014
496817075,target_entity_type,PullRequest,3618,0.5615396554400124
496817075,target_entity_type,PullRequestReview,7,0.0010864504112990843
496817075,target_entity_type,PullRequestReviewComment,13,0.002017693620984014
496817075,target_entity_type,Release,3,0.0004656216048424647
496817075,target_entity_type,Repo,586,0.09095142014589477
496817075,target_entity_type,Tag,1,0.0001552072016141549
507775,target_entity_type,Branch,5,0.00014783714260370776
507775,target_entity_type,Branch_Tag_GHDir,32,0.0009461577126637297
507775,target_entity_type,Commit,1530,0.04523816563673457
507775,target_entity_type,GitHub_Files_FileChanges,1918,0.0567103279027823
507775,target_entity_type,GitHub_GenSer_Other_Links,363,0.010732976553029183
507775,target_entity_type,Gollum,1,2.9567428520741552e-05
507775,target_entity_type,Issue,5669,0.16761775228408385
507775,target_entity_type,IssueComment,225,0.006652671417166849
507775,target_entity_type,PullRequest,23123,0.6836876496851069
507775,target_entity_type,PullRequestReview,15,0.0004435114278111233
507775,target_entity_type,PullRequestReviewComment,200,0.00591348570414831
507775,target_entity_type,Release,2,5.9134857041483104e-05
507775,target_entity_type,Repo,738,0.021820762248307264
50874442,target_entity_type,Branch,2,0.00015154959460483443
50874442,target_entity_type,Branch_Tag_GHDir,8,0.0006061983784193377
50874442,target_entity_type,Commit,3521,0.26680306130181103
50874442,target_entity_type,GitHub_Files_FileChanges,171,0.012957490338713344
50874442,target_entity_type,GitHub_GenSer_Other_Links,185,0.014018337500947185
50874442,target_entity_type,Issue,1471,0.11146472683185572
50874442,target_entity_type,IssueComment,25,0.0018943699325604305
50874442,target_entity_type,PullRequest,7631,0.5782374782147458
50874442,target_entity_type,PullRequestReview,23,0.001742820337955596
50874442,target_entity_type,PullRequestReviewComment,75,0.005683109797681291
50874442,target_entity_type,Repo,85,0.006440857770705463
510375115,target_entity_type,Branch_Tag_GHDir,1,0.000999000999000999
510375115,target_entity_type,Commit,12,0.011988011988011988
510375115,target_entity_type,GitHub_Files_FileChanges,145,0.14485514485514486
510375115,target_entity_type,GitHub_GenSer_Other_Links,129,0.12887112887112886
510375115,target_entity_type,Issue,90,0.0899100899100899
510375115,target_entity_type,IssueComment,10,0.00999000999000999
510375115,target_entity_type,PullRequest,366,0.36563436563436563
510375115,target_entity_type,Repo,248,0.24775224775224775
5349565,target_entity_type,Branch,1,0.00012413108242303873
5349565,target_entity_type,Branch_Tag_GHDir,39,0.004841112214498511
5349565,target_entity_type,Commit,2065,0.256330685203575
5349565,target_entity_type,GitHub_Files_FileChanges,467,0.05796921549155909
5349565,target_entity_type,GitHub_GenSer_Other_Links,366,0.04543197616683217
5349565,target_entity_type,Gollum,3138,0.38952333664349553
5349565,target_entity_type,Issue,419,0.052010923535253224
5349565,target_entity_type,IssueComment,26,0.003227408142999007
5349565,target_entity_type,PullRequest,1339,0.16621151936444886
5349565,target_entity_type,PullRequestReview,5,0.0006206554121151937
5349565,target_entity_type,PullRequestReviewComment,14,0.001737835153922542
5349565,target_entity_type,Release,3,0.0003723932472691162
5349565,target_entity_type,Repo,173,0.0214746772591857
5349565,target_entity_type,Tag,1,0.00012413108242303873
546206616,target_entity_type,Branch,10,0.0022119000221190004
546206616,target_entity_type,Branch_Tag_GHDir,11,0.0024330900243309003
546206616,target_entity_type,Commit,81,0.017916390179163903
546206616,target_entity_type,GitHub_Files_FileChanges,304,0.0672417606724176
546206616,target_entity_type,GitHub_GenSer_Other_Links,211,0.046671090466710904
546206616,target_entity_type,Issue,671,0.14841849148418493
546206616,target_entity_type,IssueComment,46,0.0101747401017474
546206616,target_entity_type,PullRequest,2657,0.5877018358770184
546206616,target_entity_type,PullRequestReview,1,0.00022119000221190003
546206616,target_entity_type,PullRequestReviewComment,6,0.0013271400132714001
546206616,target_entity_type,Release,3,0.0006635700066357001
546206616,target_entity_type,Repo,520,0.115018801150188
60246359,target_entity_type,Branch,6,0.00011230276826323769
60246359,target_entity_type,Branch_Tag_GHDir,46,0.0008609878900181557
60246359,target_entity_type,Commit,5304,0.09927564714470212
60246359,target_entity_type,GitHub_Files_FileChanges,1842,0.034476949856813974
60246359,target_entity_type,GitHub_GenSer_Other_Links,849,0.015890841709248132
60246359,target_entity_type,Gollum,8,0.0001497370243509836
60246359,target_entity_type,Issue,4540,0.08497576131918319
60246359,target_entity_type,IssueComment,448,0.00838527336365508
60246359,target_entity_type,PullRequest,39845,0.7457839669081177
60246359,target_entity_type,PullRequestReview,4,7.48685121754918e-05
60246359,target_entity_type,PullRequestReviewComment,115,0.002152469725045389
60246359,target_entity_type,Release,55,0.0010294420424130121
60246359,target_entity_type,Repo,359,0.006719448967750389
60246359,target_entity_type,Tag,6,0.00011230276826323769
60377070,target_entity_type,Branch_Tag_GHDir,36,0.004862893421585844
60377070,target_entity_type,Commit,165,0.022288261515601784
60377070,target_entity_type,GitHub_Files_FileChanges,96,0.012967715790895583
60377070,target_entity_type,GitHub_GenSer_Other_Links,240,0.03241928947723896
60377070,target_entity_type,Gollum,11,0.0014858841010401188
60377070,target_entity_type,Issue,80,0.01080642982574632
60377070,target_entity_type,IssueComment,3,0.00040524111846548696
60377070,target_entity_type,PullRequest,6740,0.9104417128191273
60377070,target_entity_type,Release,4,0.0005403214912873159
60377070,target_entity_type,Repo,28,0.0037822504390112115
6838921,target_entity_type,Branch,7,0.001490947816826411
6838921,target_entity_type,Branch_Tag_GHDir,37,0.007880724174653887
6838921,target_entity_type,Commit,116,0.02470713525026624
6838921,target_entity_type,GitHub_Files_FileChanges,668,0.1422790202342918
6838921,target_entity_type,GitHub_GenSer_Other_Links,527,0.11224707135250266
6838921,target_entity_type,Gollum,2,0.0004259850905218317
6838921,target_entity_type,Issue,479,0.1020234291799787
6838921,target_entity_type,IssueComment,72,0.015335463258785943
6838921,target_entity_type,PullRequest,2233,0.47561235356762516
6838921,target_entity_type,PullRequestReview,5,0.0010649627263045794
6838921,target_entity_type,PullRequestReviewComment,13,0.0027689030883919063
6838921,target_entity_type,Release,11,0.0023429179978700747
6838921,target_entity_type,Repo,521,0.11096911608093717
6838921,target_entity_type,Tag,4,0.0008519701810436634
7437073,target_entity_type,Branch,1,0.0010070493454179255
7437073,target_entity_type,Branch_Tag_GHDir,11,0.011077542799597181
7437073,target_entity_type,Commit,17,0.017119838872104734
7437073,target_entity_type,GitHub_Files_FileChanges,178,0.17925478348439072
7437073,target_entity_type,GitHub_GenSer_Other_Links,220,0.2215508559919436
7437073,target_entity_type,Issue,147,0.14803625377643503
7437073,target_entity_type,IssueComment,9,0.00906344410876133
7437073,target_entity_type,PullRequest,227,0.22860020140986909
7437073,target_entity_type,PullRequestReviewComment,1,0.0010070493454179255
7437073,target_entity_type,Repo,182,0.18328298086606243
75425073,target_entity_type,Branch,1,0.0001905850962454736
75425073,target_entity_type,Branch_Tag_GHDir,2,0.0003811701924909472
75425073,target_entity_type,Commit,18,0.003430531732418525
75425073,target_entity_type,GitHub_Files_FileChanges,218,0.04154755098151325
75425073,target_entity_type,GitHub_GenSer_Other_Links,116,0.02210787116447494
75425073,target_entity_type,Gollum,1,0.0001905850962454736
75425073,target_entity_type,Issue,397,0.07566228320945302
75425073,target_entity_type,IssueComment,7,0.0013340956737183153
75425073,target_entity_type,PullRequest,3823,0.7286068229464456
75425073,target_entity_type,Release,2,0.0003811701924909472
75425073,target_entity_type,Repo,662,0.12616733371450353
77385607,target_entity_type,Branch,9,0.0016784781797836627
77385607,target_entity_type,Branch_Tag_GHDir,3,0.0005594927265945542
77385607,target_entity_type,Commit,985,0.18370011189854532
77385607,target_entity_type,CommitComment,3,0.0005594927265945542
77385607,target_entity_type,GitHub_Files_FileChanges,321,0.05986572174561731
77385607,target_entity_type,GitHub_GenSer_Other_Links,2226,0.4151436031331593
77385607,target_entity_type,Gollum,3,0.0005594927265945542
77385607,target_entity_type,Issue,468,0.08728086534875047
77385607,target_entity_type,IssueComment,32,0.005967922417008579
77385607,target_entity_type,PullRequest,427,0.07963446475195822
77385607,target_entity_type,PullRequestReviewComment,8,0.0014919806042521448
77385607,target_entity_type,Release,3,0.0005594927265945542
77385607,target_entity_type,Repo,874,0.16299888101454682
84240850,target_entity_type,Branch,5,0.0008020532563362208
84240850,target_entity_type,Branch_Tag_GHDir,2,0.0003208213025344883
84240850,target_entity_type,Commit,542,0.08694257298684632
84240850,target_entity_type,GitHub_Files_FileChanges,153,0.024542829643888354
84240850,target_entity_type,GitHub_GenSer_Other_Links,232,0.03721527109400064
84240850,target_entity_type,Issue,1135,0.1820660891883221
84240850,target_entity_type,IssueComment,21,0.003368623676612127
84240850,target_entity_type,PullRequest,3536,0.5672120628809753
84240850,target_entity_type,PullRequestReview,3,0.00048123195380173246
84240850,target_entity_type,PullRequestReviewComment,8,0.0012832852101379532
84240850,target_entity_type,Release,5,0.0008020532563362208
84240850,target_entity_type,Repo,588,0.09432146294513956
84240850,target_entity_type,Tag,4,0.0006416426050689766
911980,target_entity_type,Branch,2,0.00032216494845360824
911980,target_entity_type,Branch_Tag_GHDir,20,0.0032216494845360823
911980,target_entity_type,Commit,1219,0.19635953608247422
911980,target_entity_type,GitHub_Files_FileChanges,294,0.04735824742268041
911980,target_entity_type,GitHub_GenSer_Other_Links,37,0.005960051546391752
911980,target_entity_type,Gollum,14,0.0022551546391752575
911980,target_entity_type,Issue,3810,0.6137242268041238
911980,target_entity_type,IssueComment,40,0.006443298969072165
911980,target_entity_type,PullRequest,676,0.10889175257731959
911980,target_entity_type,PullRequestReview,1,0.00016108247422680412
911980,target_entity_type,PullRequestReviewComment,36,0.005798969072164949
911980,target_entity_type,Release,13,0.0020940721649484535
911980,target_entity_type,Repo,43,0.006926546391752577
911980,target_entity_type,Tag,3,0.0004832474226804124
9342529,target_entity_type,Branch_Tag_GHDir,8,0.0012749003984063745
9342529,target_entity_type,Commit,2080,0.3314741035856574
9342529,target_entity_type,GitHub_Files_FileChanges,273,0.04350597609561753
9342529,target_entity_type,GitHub_GenSer_Other_Links,42,0.006693227091633466
9342529,target_entity_type,Gollum,24,0.0038247011952191236
9342529,target_entity_type,Issue,1664,0.2651792828685259
9342529,target_entity_type,IssueComment,67,0.010677290836653386
9342529,target_entity_type,PullRequest,1895,0.30199203187250995
9342529,target_entity_type,PullRequestReview,4,0.0006374501992031873
9342529,target_entity_type,PullRequestReviewComment,122,0.01944223107569721
9342529,target_entity_type,Release,72,0.011474103585657371
9342529,target_entity_type,Repo,23,0.0036653386454183266
9342529,target_entity_type,Tag,1,0.00015936254980079682
95614931,target_entity_type,Branch_Tag_GHDir,7,0.002559414990859232
95614931,target_entity_type,Commit,170,0.062157221206581355
95614931,target_entity_type,GitHub_Files_FileChanges,1639,0.5992687385740402
95614931,target_entity_type,GitHub_GenSer_Other_Links,98,0.035831809872029254
95614931,target_entity_type,Issue,576,0.2106032906764168
95614931,target_entity_type,IssueComment,17,0.006215722120658135
95614931,target_entity_type,PullRequest,178,0.06508226691042047
95614931,target_entity_type,Release,2,0.0007312614259597807
95614931,target_entity_type,Repo,48,0.017550274223034734
