source_project_id,target_project_id,src_entity_id,src_entity_type,tar_entity_id,tar_entity_type,event_id,event_type,event_time,relation_label_repr,source_evidence_file
41986369,41986369,PRRC_41986369#40778#r1088725457,PullRequestReviewComment,C_41986369@f4a975dc48fe3281199a122242a5ec4418194598,Commit,26694427207,PullRequestReviewCommentEvent,2023-01-27 09:06:33,PullRequestReviewComment_unknown_UnknownFromBodyRef,pingcap_tidb_2023.csv
41986369,41986369,PRRC_41986369#40269#r1065255017,PullRequestReviewComment,,GitHub_Files_FileChanges,26322383321,PullRequestReviewCommentEvent,2023-01-10 01:33:32,PullRequestReviewComment_unknown_UnknownFromBodyRef,pingcap_tidb_2023.csv
41986369,41986369,PRRC_41986369#40473#r1071881332,PullRequestReviewComment,,GitHub_Files_FileChanges,26472326518,PullRequestReviewCommentEvent,2023-01-17 08:13:15,PullRequestReviewComment_unknown_UnknownFromBodyRef,pingcap_tidb_2023.csv
41986369,41986369,PRRC_41986369#40813#r1089990314,PullRequestReviewComment,C_41986369@97497035d8e33f955affbabfd2fb69f6d1621263,Commit,26724808594,PullRequestReviewCommentEvent,2023-01-29 15:31:53,PullRequestReviewComment_unknown_UnknownFromBodyRef,pingcap_tidb_2023.csv
41986369,53311716,PRRC_41986369#40692#r1081218465,PullRequestReviewComment,PR_53311716#5844,PullRequest,26531463622,PullRequestReviewCommentEvent,2023-01-19 12:50:33,PullRequestReviewComment_unknown_UnknownFromBodyRef,pingcap_tidb_2023.csv
41986369,53311716,PRRC_41986369#40692#r1081364272,PullRequestReviewComment,PR_53311716#5844,PullRequest,26534389457,PullRequestReviewCommentEvent,2023-01-19 14:42:38,PullRequestReviewComment_unknown_UnknownFromBodyRef,pingcap_tidb_2023.csv
41986369,41986369,PRRC_41986369#40828#r1090174059,PullRequestReviewComment,,GitHub_Files_FileChanges,26731314157,PullRequestReviewCommentEvent,2023-01-30 04:55:51,PullRequestReviewComment_unknown_UnknownFromBodyRef,pingcap_tidb_2023.csv
41986369,304537599,PRRC_41986369#40324#r1063249404,PullRequestReviewComment,I_304537599#1693,Issue,26262048904,PullRequestReviewCommentEvent,2023-01-06 08:54:46,PullRequestReviewComment_unknown_UnknownFromBodyRef,pingcap_tidb_2023.csv
41986369,159907380,PRRC_41986369#40269#r1064381532,PullRequestReviewComment,PR_159907380#649,PullRequest,26301559842,PullRequestReviewCommentEvent,2023-01-09 08:33:14,PullRequestReviewComment_unknown_UnknownFromBodyRef,pingcap_tidb_2023.csv
41986369,41986369,PRRC_41986369#40269#r1065261139,PullRequestReviewComment,,GitHub_Files_FileChanges,26322481815,PullRequestReviewCommentEvent,2023-01-10 01:42:09,PullRequestReviewComment_unknown_UnknownFromBodyRef,pingcap_tidb_2023.csv
41986369,41986369,PRRC_41986369#38738#r1066772777,PullRequestReviewComment,,GitHub_Files_FileChanges,26355879716,PullRequestReviewCommentEvent,2023-01-11 09:39:36,PullRequestReviewComment_unknown_UnknownFromBodyRef,pingcap_tidb_2023.csv
41986369,41986369,PRRC_41986369#40670#r1089863131,PullRequestReviewComment,,GitHub_Files_FileChanges,26720656808,PullRequestReviewCommentEvent,2023-01-29 04:13:40,PullRequestReviewComment_unknown_UnknownFromBodyRef,pingcap_tidb_2023.csv
41986369,41986369,PRRC_41986369#40542#r1091798794,PullRequestReviewComment,,GitHub_Files_FileChanges,26767175927,PullRequestReviewCommentEvent,2023-01-31 11:30:14,PullRequestReviewComment_unknown_UnknownFromBodyRef,pingcap_tidb_2023.csv
41986369,218006898,PRRC_41986369#40188#r1061215781,PullRequestReviewComment,,Branch_Tag_GHDir,26212388954,PullRequestReviewCommentEvent,2023-01-04 08:00:47,PullRequestReviewComment_unknown_UnknownFromBodyRef,pingcap_tidb_2023.csv
41986369,41986369,PRRC_41986369#40422#r1066592454,PullRequestReviewComment,,GitHub_Files_FileChanges,26351648280,PullRequestReviewCommentEvent,2023-01-11 05:44:51,PullRequestReviewComment_unknown_UnknownFromBodyRef,pingcap_tidb_2023.csv
41986369,41986369,PRRC_41986369#40705#r1089671181,PullRequestReviewComment,IC_41986369#37119#1407316676,IssueComment,26713566657,PullRequestReviewCommentEvent,2023-01-28 07:18:22,PullRequestReviewComment_unknown_UnknownFromBodyRef,pingcap_tidb_2023.csv
41986369,41986369,PRRC_41986369#40714#r1082197885,PullRequestReviewComment,PR_41986369#38738,PullRequest,26551177074,PullRequestReviewCommentEvent,2023-01-20 07:54:38,PullRequestReviewComment_unknown_UnknownFromBodyRef,pingcap_tidb_2023.csv
41986369,41986369,PRRC_41986369#40188#r1061459151,PullRequestReviewComment,,GitHub_Files_FileChanges,26218446835,PullRequestReviewCommentEvent,2023-01-04 13:00:53,PullRequestReviewComment_unknown_UnknownFromBodyRef,pingcap_tidb_2023.csv
41986369,41986369,PRRC_41986369#40188#r1063263211,PullRequestReviewComment,C_41986369@5bacb05a56ae703a0bb10bf092bce407a978ac54,Commit,26262430530,PullRequestReviewCommentEvent,2023-01-06 09:15:57,PullRequestReviewComment_unknown_UnknownFromBodyRef,pingcap_tidb_2023.csv
41986369,41986369,PRRC_41986369#40188#r1063267374,PullRequestReviewComment,I_41986369#40371,Issue,26262547999,PullRequestReviewCommentEvent,2023-01-06 09:22:16,PullRequestReviewComment_unknown_UnknownFromBodyRef,pingcap_tidb_2023.csv
41986369,339993533,PRRC_41986369#40008#r1060337280,PullRequestReviewComment,,GitHub_Files_FileChanges,26189859876,PullRequestReviewCommentEvent,2023-01-03 07:48:03,PullRequestReviewComment_unknown_UnknownFromBodyRef,pingcap_tidb_2023.csv
41986369,41986369,PRRC_41986369#40121#r1061103770,PullRequestReviewComment,,GitHub_Files_FileChanges,26208819739,PullRequestReviewCommentEvent,2023-01-04 03:06:34,PullRequestReviewComment_unknown_UnknownFromBodyRef,pingcap_tidb_2023.csv
41986369,41986369,PRRC_41986369#40828#r1090153095,PullRequestReviewComment,,GitHub_Files_FileChanges,26730600414,PullRequestReviewCommentEvent,2023-01-30 03:54:27,PullRequestReviewComment_unknown_UnknownFromBodyRef,pingcap_tidb_2023.csv
41986369,41986369,PRRC_41986369#40828#r1090209189,PullRequestReviewComment,,GitHub_Files_FileChanges,26732302664,PullRequestReviewCommentEvent,2023-01-30 06:14:21,PullRequestReviewComment_unknown_UnknownFromBodyRef,pingcap_tidb_2023.csv
41986369,41986369,PRRC_41986369#40347#r1062370353,PullRequestReviewComment,I_41986369#40348,Issue,26240875623,PullRequestReviewCommentEvent,2023-01-05 11:22:36,PullRequestReviewComment_unknown_UnknownFromBodyRef,pingcap_tidb_2023.csv
41986369,41986369,PRRC_41986369#40553#r1069046268,PullRequestReviewComment,C_41986369@19ed9f57f3223cf501acbbc9291af45c9b7dcf41,Commit,26405749452,PullRequestReviewCommentEvent,2023-01-13 07:48:47,PullRequestReviewComment_unknown_UnknownFromBodyRef,pingcap_tidb_2023.csv
41986369,41986369,PRRC_41986369#40553#r1069110740,PullRequestReviewComment,,GitHub_Files_FileChanges,26407084295,PullRequestReviewCommentEvent,2023-01-13 09:01:55,PullRequestReviewComment_unknown_UnknownFromBodyRef,pingcap_tidb_2023.csv
41986369,41986369,PRRC_41986369#40553#r1069121759,PullRequestReviewComment,C_41986369@f0a4c4f69fddd5602abb0dd44bccbcedb77c8976,Commit,26407325684,PullRequestReviewCommentEvent,2023-01-13 09:13:24,PullRequestReviewComment_unknown_UnknownFromBodyRef,pingcap_tidb_2023.csv
41986369,41986369,PRRC_41986369#40553#r1069184500,PullRequestReviewComment,C_41986369@5271a7d617447ba7364fa62bd3ad3c172e8738e2,Commit,26408553594,PullRequestReviewCommentEvent,2023-01-13 10:11:54,PullRequestReviewComment_unknown_UnknownFromBodyRef,pingcap_tidb_2023.csv
41986369,41986369,PRRC_41986369#40232#r1063150432,PullRequestReviewComment,C_41986369@66f141fb14ebd030f35fa57c8fb9addd522a3e25,Commit,26259690625,PullRequestReviewCommentEvent,2023-01-06 06:11:43,PullRequestReviewComment_unknown_UnknownFromBodyRef,pingcap_tidb_2023.csv
41986369,41986369,PRRC_41986369#40232#r1063220295,PullRequestReviewComment,C_41986369@5a55279a22f27f01f91609e17cf7ac8e357f5396,Commit,26261262063,PullRequestReviewCommentEvent,2023-01-06 08:05:19,PullRequestReviewComment_unknown_UnknownFromBodyRef,pingcap_tidb_2023.csv
41986369,41986369,PRRC_41986369#40232#r1064258672,PullRequestReviewComment,I_41986369#40400,Issue,26297521758,PullRequestReviewCommentEvent,2023-01-09 03:11:31,PullRequestReviewComment_unknown_UnknownFromBodyRef,pingcap_tidb_2023.csv
41986369,41986369,PRRC_41986369#40278#r1065423631,PullRequestReviewComment,,GitHub_Files_FileChanges,26326929741,PullRequestReviewCommentEvent,2023-01-10 07:38:08,PullRequestReviewComment_unknown_UnknownFromBodyRef,pingcap_tidb_2023.csv
41986369,41986369,PRRC_41986369#40443#r1065451051,PullRequestReviewComment,C_41986369@cd6e96ec7d2d39a27f5b844854a109dadfe7d349,Commit,26327496840,PullRequestReviewCommentEvent,2023-01-10 08:11:14,PullRequestReviewComment_unknown_UnknownFromBodyRef,pingcap_tidb_2023.csv
41986369,41986369,PRRC_41986369#40443#r1065488560,PullRequestReviewComment,C_41986369@dc597817d39dbac00e1b2266e8bcbe19d0660191,Commit,26328217572,PullRequestReviewCommentEvent,2023-01-10 08:47:18,PullRequestReviewComment_unknown_UnknownFromBodyRef,pingcap_tidb_2023.csv
41986369,41986369,PRRC_41986369#40814#r1090293706,PullRequestReviewComment,,GitHub_Files_FileChanges,26734400030,PullRequestReviewCommentEvent,2023-01-30 08:19:35,PullRequestReviewComment_unknown_UnknownFromBodyRef,pingcap_tidb_2023.csv
41986369,41986369,PRRC_41986369#36028#r1064518347,PullRequestReviewComment,C_41986369@0f64aebb5dcb635aa3c5e319eccb0c172d0c0e18,Commit,26304854010,PullRequestReviewCommentEvent,2023-01-09 11:05:24,PullRequestReviewComment_unknown_UnknownFromBodyRef,pingcap_tidb_2023.csv
41986369,41986369,PRRC_41986369#36028#r1064518464,PullRequestReviewComment,C_41986369@0f64aebb5dcb635aa3c5e319eccb0c172d0c0e18,Commit,26304855428,PullRequestReviewCommentEvent,2023-01-09 11:05:28,PullRequestReviewComment_unknown_UnknownFromBodyRef,pingcap_tidb_2023.csv
41986369,41986369,PRRC_41986369#39986#r1065251172,PullRequestReviewComment,C_41986369@a1f401fc4c2894aa7086ca3e2270c30d65453fa2,Commit,26322270187,PullRequestReviewCommentEvent,2023-01-10 01:23:27,PullRequestReviewComment_unknown_UnknownFromBodyRef,pingcap_tidb_2023.csv
41986369,41986369,PRRC_41986369#36028#r1066823385,PullRequestReviewComment,C_41986369@88c63f8c1b76ba2674e5fa412f9eb637f06aa135,Commit,26356987045,PullRequestReviewCommentEvent,2023-01-11 10:26:33,PullRequestReviewComment_unknown_UnknownFromBodyRef,pingcap_tidb_2023.csv
41986369,41986369,PRRC_41986369#40716#r1080886585,PullRequestReviewComment,I_41986369#40724,Issue,26524455036,PullRequestReviewCommentEvent,2023-01-19 07:23:08,PullRequestReviewComment_unknown_UnknownFromBodyRef,pingcap_tidb_2023.csv
41986369,41986369,P_41986369.12269899781,Push,PR_41986369#40140,PullRequest,26401456585,PushEvent,2023-01-13 01:49:12,Push_unknown_UnknownFromBodyRef,pingcap_tidb_2023.csv
41986369,41986369,P_41986369.12269899781,Push,PR_41986369#40126,PullRequest,26401456585,PushEvent,2023-01-13 01:49:12,Push_unknown_UnknownFromBodyRef,pingcap_tidb_2023.csv
41986369,41986369,P_41986369.12269899781,Push,PR_41986369#40076,PullRequest,26401456585,PushEvent,2023-01-13 01:49:12,Push_unknown_UnknownFromBodyRef,pingcap_tidb_2023.csv
41986369,41986369,P_41986369.12269899781,Push,I_41986369#40128,Issue,26401456585,PushEvent,2023-01-13 01:49:12,Push_unknown_UnknownFromBodyRef,pingcap_tidb_2023.csv
41986369,41986369,P_41986369.12269899781,Push,PR_41986369#40173,PullRequest,26401456585,PushEvent,2023-01-13 01:49:12,Push_unknown_UnknownFromBodyRef,pingcap_tidb_2023.csv
41986369,41986369,P_41986369.12269899781,Push,I_41986369#39971,Issue,26401456585,PushEvent,2023-01-13 01:49:12,Push_unknown_UnknownFromBodyRef,pingcap_tidb_2023.csv
41986369,41986369,P_41986369.12269899781,Push,I_41986369#40174,Issue,26401456585,PushEvent,2023-01-13 01:49:12,Push_unknown_UnknownFromBodyRef,pingcap_tidb_2023.csv
41986369,41986369,P_41986369.12269899781,Push,PR_41986369#40176,PullRequest,26401456585,PushEvent,2023-01-13 01:49:12,Push_unknown_UnknownFromBodyRef,pingcap_tidb_2023.csv
41986369,41986369,P_41986369.12269899781,Push,I_41986369#40177,Issue,26401456585,PushEvent,2023-01-13 01:49:12,Push_unknown_UnknownFromBodyRef,pingcap_tidb_2023.csv
41986369,41986369,P_41986369.12269899781,Push,PR_41986369#40142,PullRequest,26401456585,PushEvent,2023-01-13 01:49:12,Push_unknown_UnknownFromBodyRef,pingcap_tidb_2023.csv
41986369,41986369,P_41986369.12269899781,Push,I_41986369#40143,Issue,26401456585,PushEvent,2023-01-13 01:49:12,Push_unknown_UnknownFromBodyRef,pingcap_tidb_2023.csv
41986369,41986369,P_41986369.12269899781,Push,PR_41986369#40154,PullRequest,26401456585,PushEvent,2023-01-13 01:49:12,Push_unknown_UnknownFromBodyRef,pingcap_tidb_2023.csv
41986369,41986369,P_41986369.12269899781,Push,I_41986369#40125,Issue,26401456585,PushEvent,2023-01-13 01:49:12,Push_unknown_UnknownFromBodyRef,pingcap_tidb_2023.csv
41986369,41986369,P_41986369.12269899781,Push,PR_41986369#40097,PullRequest,26401456585,PushEvent,2023-01-13 01:49:12,Push_unknown_UnknownFromBodyRef,pingcap_tidb_2023.csv
41986369,41986369,P_41986369.12269899781,Push,PR_41986369#40199,PullRequest,26401456585,PushEvent,2023-01-13 01:49:12,Push_unknown_UnknownFromBodyRef,pingcap_tidb_2023.csv
41986369,41986369,P_41986369.12269899781,Push,I_41986369#35240,Issue,26401456585,PushEvent,2023-01-13 01:49:12,Push_unknown_UnknownFromBodyRef,pingcap_tidb_2023.csv
41986369,41986369,P_41986369.12269899781,Push,PR_41986369#38740,PullRequest,26401456585,PushEvent,2023-01-13 01:49:12,Push_unknown_UnknownFromBodyRef,pingcap_tidb_2023.csv
41986369,41986369,P_41986369.12269899781,Push,I_41986369#38739,Issue,26401456585,PushEvent,2023-01-13 01:49:12,Push_unknown_UnknownFromBodyRef,pingcap_tidb_2023.csv
41986369,41986369,P_41986369.12269899781,Push,PR_41986369#40048,PullRequest,26401456585,PushEvent,2023-01-13 01:49:12,Push_unknown_UnknownFromBodyRef,pingcap_tidb_2023.csv
41986369,41986369,P_41986369.12269899781,Push,I_41986369#40047,Issue,26401456585,PushEvent,2023-01-13 01:49:12,Push_unknown_UnknownFromBodyRef,pingcap_tidb_2023.csv
41986369,41986369,P_41986369.12269899781,Push,PR_41986369#40190,PullRequest,26401456585,PushEvent,2023-01-13 01:49:12,Push_unknown_UnknownFromBodyRef,pingcap_tidb_2023.csv
41986369,41986369,P_41986369.12269899781,Push,I_41986369#40183,Issue,26401456585,PushEvent,2023-01-13 01:49:12,Push_unknown_UnknownFromBodyRef,pingcap_tidb_2023.csv
41986369,41986369,P_41986369.12269899781,Push,PR_41986369#40052,PullRequest,26401456585,PushEvent,2023-01-13 01:49:12,Push_unknown_UnknownFromBodyRef,pingcap_tidb_2023.csv
41986369,41986369,P_41986369.12269899781,Push,I_41986369#40189,Issue,26401456585,PushEvent,2023-01-13 01:49:12,Push_unknown_UnknownFromBodyRef,pingcap_tidb_2023.csv
41986369,41986369,P_41986369.12269899781,Push,PR_41986369#35625,PullRequest,26401456585,PushEvent,2023-01-13 01:49:12,Push_unknown_UnknownFromBodyRef,pingcap_tidb_2023.csv
41986369,41986369,P_41986369.12269899781,Push,I_41986369#35624,Issue,26401456585,PushEvent,2023-01-13 01:49:12,Push_unknown_UnknownFromBodyRef,pingcap_tidb_2023.csv
41986369,41986369,P_41986369.12269899781,Push,PR_41986369#40197,PullRequest,26401456585,PushEvent,2023-01-13 01:49:12,Push_unknown_UnknownFromBodyRef,pingcap_tidb_2023.csv
41986369,41986369,P_41986369.12269899781,Push,I_41986369#40194,Issue,26401456585,PushEvent,2023-01-13 01:49:12,Push_unknown_UnknownFromBodyRef,pingcap_tidb_2023.csv
41986369,41986369,P_41986369.12269899781,Push,PR_41986369#40175,PullRequest,26401456585,PushEvent,2023-01-13 01:49:12,Push_unknown_UnknownFromBodyRef,pingcap_tidb_2023.csv
41986369,41986369,P_41986369.12269899781,Push,I_41986369#40191,Issue,26401456585,PushEvent,2023-01-13 01:49:12,Push_unknown_UnknownFromBodyRef,pingcap_tidb_2023.csv
41986369,41986369,P_41986369.12269899781,Push,PR_41986369#40210,PullRequest,26401456585,PushEvent,2023-01-13 01:49:12,Push_unknown_UnknownFromBodyRef,pingcap_tidb_2023.csv
41986369,41986369,P_41986369.12269899781,Push,PR_41986369#40156,PullRequest,26401456585,PushEvent,2023-01-13 01:49:12,Push_unknown_UnknownFromBodyRef,pingcap_tidb_2023.csv
41986369,41986369,P_41986369.12269899781,Push,I_41986369#40155,Issue,26401456585,PushEvent,2023-01-13 01:49:12,Push_unknown_UnknownFromBodyRef,pingcap_tidb_2023.csv
41986369,41986369,P_41986369.12269899781,Push,PR_41986369#38246,PullRequest,26401456585,PushEvent,2023-01-13 01:49:12,Push_unknown_UnknownFromBodyRef,pingcap_tidb_2023.csv
41986369,41986369,P_41986369.12269899781,Push,I_41986369#15000,Issue,26401456585,PushEvent,2023-01-13 01:49:12,Push_unknown_UnknownFromBodyRef,pingcap_tidb_2023.csv
41986369,41986369,P_41986369.12269899781,Push,I_41986369#15002,Issue,26401456585,PushEvent,2023-01-13 01:49:12,Push_unknown_UnknownFromBodyRef,pingcap_tidb_2023.csv
41986369,41986369,P_41986369.12269899781,Push,PR_41986369#40151,PullRequest,26401456585,PushEvent,2023-01-13 01:49:12,Push_unknown_UnknownFromBodyRef,pingcap_tidb_2023.csv
41986369,41986369,P_41986369.12269899781,Push,I_41986369#40150,Issue,26401456585,PushEvent,2023-01-13 01:49:12,Push_unknown_UnknownFromBodyRef,pingcap_tidb_2023.csv
41986369,41986369,P_41986369.12200204656,Push,PR_41986369#39714,PullRequest,26266231561,PushEvent,2023-01-06 12:49:35,Push_unknown_UnknownFromBodyRef,pingcap_tidb_2023.csv
41986369,41986369,P_41986369.12200204656,Push,I_41986369#40381,Issue,26266231561,PushEvent,2023-01-06 12:49:35,Push_unknown_UnknownFromBodyRef,pingcap_tidb_2023.csv
41986369,41986369,P_41986369.12200204656,Push,PR_41986369#40354,PullRequest,26266231561,PushEvent,2023-01-06 12:49:35,Push_unknown_UnknownFromBodyRef,pingcap_tidb_2023.csv
41986369,41986369,P_41986369.12200204656,Push,I_41986369#40351,Issue,26266231561,PushEvent,2023-01-06 12:49:35,Push_unknown_UnknownFromBodyRef,pingcap_tidb_2023.csv
41986369,41986369,P_41986369.12200204656,Push,PR_41986369#40238,PullRequest,26266231561,PushEvent,2023-01-06 12:49:35,Push_unknown_UnknownFromBodyRef,pingcap_tidb_2023.csv
41986369,41986369,P_41986369.12200204656,Push,I_41986369#40239,Issue,26266231561,PushEvent,2023-01-06 12:49:35,Push_unknown_UnknownFromBodyRef,pingcap_tidb_2023.csv
41986369,41986369,P_41986369.12201884969,Push,PR_41986369#40367,PullRequest,26269576696,PushEvent,2023-01-06 15:43:30,Push_unknown_UnknownFromBodyRef,pingcap_tidb_2023.csv
41986369,41986369,P_41986369.12219226063,Push,PR_41986369#40402,PullRequest,26298801305,PushEvent,2023-01-09 05:18:34,Push_unknown_UnknownFromBodyRef,pingcap_tidb_2023.csv
41986369,41986369,P_41986369.12184347268,Push,PR_41986369#40190,PullRequest,26234129162,PushEvent,2023-01-05 04:55:58,Push_unknown_UnknownFromBodyRef,pingcap_tidb_2023.csv
41986369,41986369,P_41986369.12184347268,Push,I_41986369#40183,Issue,26234129162,PushEvent,2023-01-05 04:55:58,Push_unknown_UnknownFromBodyRef,pingcap_tidb_2023.csv
41986369,41986369,P_41986369.12184347268,Push,PR_41986369#40052,PullRequest,26234129162,PushEvent,2023-01-05 04:55:58,Push_unknown_UnknownFromBodyRef,pingcap_tidb_2023.csv
41986369,41986369,P_41986369.12184347268,Push,I_41986369#40189,Issue,26234129162,PushEvent,2023-01-05 04:55:58,Push_unknown_UnknownFromBodyRef,pingcap_tidb_2023.csv
41986369,41986369,P_41986369.12184347268,Push,PR_41986369#35625,PullRequest,26234129162,PushEvent,2023-01-05 04:55:58,Push_unknown_UnknownFromBodyRef,pingcap_tidb_2023.csv
41986369,41986369,P_41986369.12184347268,Push,I_41986369#35624,Issue,26234129162,PushEvent,2023-01-05 04:55:58,Push_unknown_UnknownFromBodyRef,pingcap_tidb_2023.csv
41986369,41986369,P_41986369.12184347268,Push,PR_41986369#40197,PullRequest,26234129162,PushEvent,2023-01-05 04:55:58,Push_unknown_UnknownFromBodyRef,pingcap_tidb_2023.csv
41986369,41986369,P_41986369.12184347268,Push,I_41986369#40194,Issue,26234129162,PushEvent,2023-01-05 04:55:58,Push_unknown_UnknownFromBodyRef,pingcap_tidb_2023.csv
41986369,41986369,P_41986369.12184347268,Push,PR_41986369#40175,PullRequest,26234129162,PushEvent,2023-01-05 04:55:58,Push_unknown_UnknownFromBodyRef,pingcap_tidb_2023.csv
41986369,41986369,P_41986369.12184347268,Push,I_41986369#40191,Issue,26234129162,PushEvent,2023-01-05 04:55:58,Push_unknown_UnknownFromBodyRef,pingcap_tidb_2023.csv
41986369,41986369,P_41986369.12184347268,Push,PR_41986369#40210,PullRequest,26234129162,PushEvent,2023-01-05 04:55:58,Push_unknown_UnknownFromBodyRef,pingcap_tidb_2023.csv
41986369,41986369,P_41986369.12184347268,Push,PR_41986369#40156,PullRequest,26234129162,PushEvent,2023-01-05 04:55:58,Push_unknown_UnknownFromBodyRef,pingcap_tidb_2023.csv
41986369,41986369,P_41986369.12184347268,Push,I_41986369#40155,Issue,26234129162,PushEvent,2023-01-05 04:55:58,Push_unknown_UnknownFromBodyRef,pingcap_tidb_2023.csv
